id,name,kind,class,source,asm,min_arch,cond,out_type,out_ctype,in_types,in_streams,in_bytes,out_bytes,n_vectors,insns_v73,insns_v75,insns_v79,insns_v81
0,ieee.Q6_Vhf_vabs_Vhf,ieee,ieee_form,Q6_Vhf_vabs_Vhf,Vd32.hf=vabs(Vu32.hf),68,__HVX_ARCH__ >= 73,hf,V,hf//,hf_a/none/none,128/0/0,128,4096,v0.hf = vabs(v0.hf),v0.hf = vabs(v0.hf),v0.hf = vabs(v0.hf),v0.hf = vabs(v0.hf)
1,cc.Q6_Vhf_vabs_Vhf,cc,ieee_form,Q6_Vhf_vabs_Vhf,Vd32.hf=vabs(Vu32.hf),68,__HVX_ARCH__ >= 73,hf,V,hf//,hf_a/none/none,128/0/0,128,4096,v0.hf = vabs(v0.hf),v0.hf = vabs(v0.hf),"r2 = #0x7fff | v1.h = vsplat(r2) | v0 = vand(v0,v1)",v1.qf16 = vabs(v0.hf) | v0.hf = v1.qf16
2,ieee.Q6_Vsf_vabs_Vsf,ieee,ieee_form,Q6_Vsf_vabs_Vsf,Vd32.sf=vabs(Vu32.sf),68,__HVX_ARCH__ >= 73,sf,V,sf//,sf_a/none/none,128/0/0,128,4096,v0.sf = vabs(v0.sf),v0.sf = vabs(v0.sf),v0.sf = vabs(v0.sf),v0.sf = vabs(v0.sf)
3,cc.Q6_Vsf_vabs_Vsf,cc,ieee_form,Q6_Vsf_vabs_Vsf,Vd32.sf=vabs(Vu32.sf),68,__HVX_ARCH__ >= 73,sf,V,sf//,sf_a/none/none,128/0/0,128,4096,v0.sf = vabs(v0.sf),v0.sf = vabs(v0.sf),"immext(#0x7fffffc0) ; r2 = ##0x7fffffff | v1 = vsplat(r2) | v0 = vand(v0,v1)",v1.qf32 = vabs(v0.sf) | v0.sf = v1.qf32
4,Q6_Vb_vabs_Vb_sat,insn,int_round,Q6_Vb_vabs_Vb_sat,Vd32.b=vabs(Vu32.b):sat,65,__HVX_ARCH__ >= 73,b,V,b//,int_a/none/none,128/0/0,128,1024,v0.b = vabs(v0.b):sat,v0.b = vabs(v0.b):sat,v0.b = vabs(v0.b):sat,v0.b = vabs(v0.b):sat
5,Q6_Vh_vabs_Vh_sat,insn,int_round,Q6_Vh_vabs_Vh_sat,Vd32.h=vabs(Vu32.h):sat,60,__HVX_ARCH__ >= 73,h,V,h//,int_a/none/none,128/0/0,128,1024,v0.h = vabs(v0.h):sat,v0.h = vabs(v0.h):sat,v0.h = vabs(v0.h):sat,v0.h = vabs(v0.h):sat
6,Q6_Vw_vabs_Vw_sat,insn,int_round,Q6_Vw_vabs_Vw_sat,Vd32.w=vabs(Vu32.w):sat,60,__HVX_ARCH__ >= 73,w,V,w//,int_a/none/none,128/0/0,128,1024,v0.w = vabs(v0.w):sat,v0.w = vabs(v0.w):sat,v0.w = vabs(v0.w):sat,v0.w = vabs(v0.w):sat
7,Q6_Vqf16_vadd_VhfVhf,insn,qf_arith,Q6_Vqf16_vadd_VhfVhf,"Vd32.qf16=vadd(Vu32.hf,Vv32.hf)",68,__HVX_ARCH__ >= 73,qf16,V,hf/hf/,hf_a/hf_b/none,128/128/0,128,4096,"v0.qf16 = vadd(v0.hf,v1.hf)","v0.qf16 = vadd(v0.hf,v1.hf)","v0.qf16 = vadd(v0.hf,v1.hf)","v0.qf16 = vadd(v0.hf,v1.hf)"
8,ieee.Q6_Vhf_vadd_VhfVhf,ieee,ieee_form,Q6_Vhf_vadd_VhfVhf,"Vd32.hf=vadd(Vu32.hf,Vv32.hf)",68,__HVX_ARCH__ >= 73,hf,V,hf/hf/,hf_a/hf_b/none,128/128/0,128,4096,"v0.hf = vadd(v0.hf,v1.hf)","v0.hf = vadd(v0.hf,v1.hf)","v0.hf = vadd(v0.hf,v1.hf)","v0.hf = vadd(v0.hf,v1.hf)"
9,cc.Q6_Vhf_vadd_VhfVhf,cc,ieee_form,Q6_Vhf_vadd_VhfVhf,"Vd32.hf=vadd(Vu32.hf,Vv32.hf)",68,__HVX_ARCH__ >= 73,hf,V,hf/hf/,hf_a/hf_b/none,128/128/0,128,4096,"v0.hf = vadd(v0.hf,v1.hf)","v0.hf = vadd(v0.hf,v1.hf)","v2.qf16 = vadd(v0.hf,v1.hf) | v0.hf = v2.qf16","v2.qf16 = vadd(v0.hf,v1.hf) | v0.hf = v2.qf16"
10,Q6_Vqf16_vadd_Vqf16Vqf16,insn,qf_arith,Q6_Vqf16_vadd_Vqf16Vqf16,"Vd32.qf16=vadd(Vu32.qf16,Vv32.qf16)",68,__HVX_ARCH__ >= 73,qf16,V,qf16/qf16/,qf16_a/qf16_b/none,128/128/0,128,4096,"v0.qf16 = vadd(v0.qf16,v1.qf16)","v0.qf16 = vadd(v0.qf16,v1.qf16)","v0.qf16 = vadd(v0.qf16,v1.qf16)","v0.qf16 = vadd(v0.qf16,v1.qf16)"
11,Q6_Vqf16_vadd_Vqf16Vhf,insn,qf_arith,Q6_Vqf16_vadd_Vqf16Vhf,"Vd32.qf16=vadd(Vu32.qf16,Vv32.hf)",68,__HVX_ARCH__ >= 73,qf16,V,qf16/hf/,qf16_a/hf_b/none,128/128/0,128,4096,"v0.qf16 = vadd(v0.qf16,v1.hf)","v0.qf16 = vadd(v0.qf16,v1.hf)","v0.qf16 = vadd(v0.qf16,v1.hf)","v0.qf16 = vadd(v0.qf16,v1.hf)"
12,Q6_Vqf32_vadd_Vqf32Vqf32,insn,qf_arith,Q6_Vqf32_vadd_Vqf32Vqf32,"Vd32.qf32=vadd(Vu32.qf32,Vv32.qf32)",68,__HVX_ARCH__ >= 73,qf32,V,qf32/qf32/,qf32_a/qf32_b/none,128/128/0,128,4096,"v0.qf32 = vadd(v0.qf32,v1.qf32)","v0.qf32 = vadd(v0.qf32,v1.qf32)","v0.qf32 = vadd(v0.qf32,v1.qf32)","v0.qf32 = vadd(v0.qf32,v1.qf32)"
13,Q6_Vqf32_vadd_Vqf32Vsf,insn,qf_arith,Q6_Vqf32_vadd_Vqf32Vsf,"Vd32.qf32=vadd(Vu32.qf32,Vv32.sf)",68,__HVX_ARCH__ >= 73,qf32,V,qf32/sf/,qf32_a/sf_b/none,128/128/0,128,4096,"v0.qf32 = vadd(v0.qf32,v1.sf)","v0.qf32 = vadd(v0.qf32,v1.sf)","v0.qf32 = vadd(v0.qf32,v1.sf)","v0.qf32 = vadd(v0.qf32,v1.sf)"
14,Q6_Vqf32_vadd_VsfVsf,insn,qf_arith,Q6_Vqf32_vadd_VsfVsf,"Vd32.qf32=vadd(Vu32.sf,Vv32.sf)",68,__HVX_ARCH__ >= 73,qf32,V,sf/sf/,sf_a/sf_b/none,128/128/0,128,4096,"v0.qf32 = vadd(v0.sf,v1.sf)","v0.qf32 = vadd(v0.sf,v1.sf)","v0.qf32 = vadd(v0.sf,v1.sf)","v0.qf32 = vadd(v0.sf,v1.sf)"
15,ieee.Q6_Wsf_vadd_VhfVhf,ieee,ieee_form,Q6_Wsf_vadd_VhfVhf,"Vdd32.sf=vadd(Vu32.hf,Vv32.hf)",68,__HVX_ARCH__ >= 73,sf,W,hf/hf/,hf_a/hf_b/none,128/128/0,256,4096,"v1:0.sf = vadd(v0.hf,v1.hf)","v1:0.sf = vadd(v0.hf,v1.hf)","v1:0.sf = vadd(v0.hf,v1.hf)","v1:0.sf = vadd(v0.hf,v1.hf)"
16,cc.Q6_Wsf_vadd_VhfVhf,cc,ieee_form,Q6_Wsf_vadd_VhfVhf,"Vdd32.sf=vadd(Vu32.hf,Vv32.hf)",68,__HVX_ARCH__ >= 73,sf,W,hf/hf/,hf_a/hf_b/none,128/128/0,256,4096,"v1:0.sf = vadd(v0.hf,v1.hf)","v1:0.sf = vadd(v0.hf,v1.hf)","r2 = #0x3c00 | v2.h = vsplat(r2) | v5:4.qf32 = vmpy(v1.hf,v2.hf) | v29:28.qf32 = vmpy(v0.hf,v2.hf) | v4.qf32 = vadd(v28.qf32,v4.qf32) ; v3.qf32 = vadd(v29.qf32,v5.qf32) | v0.sf = v4.qf32 ; v1.sf = v3.qf32","r2 = #0x3c00 | v2.h = vsplat(r2) | v5:4.qf32 = vmpy(v1.hf,v2.hf) | v31:30.qf32 = vmpy(v0.hf,v2.hf) | v4.qf32 = vadd(v30.qf32,v4.qf32) ; v3.qf32 = vadd(v31.qf32,v5.qf32) | v0.sf = v4.qf32 ; v1.sf = v3.qf32"
17,ieee.Q6_Vsf_vadd_VsfVsf,ieee,ieee_form,Q6_Vsf_vadd_VsfVsf,"Vd32.sf=vadd(Vu32.sf,Vv32.sf)",68,__HVX_ARCH__ >= 73,sf,V,sf/sf/,sf_a/sf_b/none,128/128/0,128,4096,"v0.sf = vadd(v0.sf,v1.sf)","v0.sf = vadd(v0.sf,v1.sf)","v0.sf = vadd(v0.sf,v1.sf)","v0.sf = vadd(v0.sf,v1.sf)"
18,cc.Q6_Vsf_vadd_VsfVsf,cc,ieee_form,Q6_Vsf_vadd_VsfVsf,"Vd32.sf=vadd(Vu32.sf,Vv32.sf)",68,__HVX_ARCH__ >= 73,sf,V,sf/sf/,sf_a/sf_b/none,128/128/0,128,4096,"v0.sf = vadd(v0.sf,v1.sf)","v0.sf = vadd(v0.sf,v1.sf)","v2.qf32 = vadd(v0.sf,v1.sf) | v0.sf = v2.qf32","v2.qf32 = vadd(v0.sf,v1.sf) | v0.sf = v2.qf32"
19,Q6_Vb_vadd_VbVb_sat,insn,int_round,Q6_Vb_vadd_VbVb_sat,"Vd32.b=vadd(Vu32.b,Vv32.b):sat",62,__HVX_ARCH__ >= 73,b,V,b/b/,int_a/int_b/none,128/128/0,128,1024,"v0.b = vadd(v0.b,v1.b):sat","v0.b = vadd(v0.b,v1.b):sat","v0.b = vadd(v0.b,v1.b):sat","v0.b = vadd(v0.b,v1.b):sat"
20,Q6_Wb_vadd_WbWb_sat,insn,int_round,Q6_Wb_vadd_WbWb_sat,"Vdd32.b=vadd(Vuu32.b,Vvv32.b):sat",62,__HVX_ARCH__ >= 73,b,W,b/b/,int_a/int_b/none,256/256/0,256,1024,"v1:0.b = vadd(v1:0.b,v3:2.b):sat","v1:0.b = vadd(v1:0.b,v3:2.b):sat","v1:0.b = vadd(v1:0.b,v3:2.b):sat","v1:0.b = vadd(v1:0.b,v3:2.b):sat"
21,Q6_Vw_vadd_VwVwQ_carry_sat,insn,int_round,Q6_Vw_vadd_VwVwQ_carry_sat,"Vd32.w=vadd(Vu32.w,Vv32.w,Qs4):carry:sat",66,__HVX_ARCH__ >= 73,w,V,w/w/pred,int_a/int_b/int_c,128/128/128,128,1024,"r2 = #-0x1 | q0 = vand(v2,r2) | v0.w = vadd(v0.w,v1.w,q0):carry:sat","r2 = #-0x1 | q0 = vand(v2,r2) | v0.w = vadd(v0.w,v1.w,q0):carry:sat","r2 = #-0x1 | q0 = vand(v2,r2) | v0.w = vadd(v0.w,v1.w,q0):carry:sat","r2 = #-0x1 | q0 = vand(v2,r2) | v0.w = vadd(v0.w,v1.w,q0):carry:sat"
22,Q6_Vh_vadd_VhVh_sat,insn,int_round,Q6_Vh_vadd_VhVh_sat,"Vd32.h=vadd(Vu32.h,Vv32.h):sat",60,__HVX_ARCH__ >= 73,h,V,h/h/,int_a/int_b/none,128/128/0,128,1024,"v0.h = vadd(v0.h,v1.h):sat","v0.h = vadd(v0.h,v1.h):sat","v0.h = vadd(v0.h,v1.h):sat","v0.h = vadd(v0.h,v1.h):sat"
23,Q6_Wh_vadd_WhWh_sat,insn,int_round,Q6_Wh_vadd_WhWh_sat,"Vdd32.h=vadd(Vuu32.h,Vvv32.h):sat",60,__HVX_ARCH__ >= 73,h,W,h/h/,int_a/int_b/none,256/256/0,256,1024,"v1:0.h = vadd(v1:0.h,v3:2.h):sat","v1:0.h = vadd(v1:0.h,v3:2.h):sat","v1:0.h = vadd(v1:0.h,v3:2.h):sat","v1:0.h = vadd(v1:0.h,v3:2.h):sat"
24,Q6_Vub_vadd_VubVub_sat,insn,int_round,Q6_Vub_vadd_VubVub_sat,"Vd32.ub=vadd(Vu32.ub,Vv32.ub):sat",60,__HVX_ARCH__ >= 73,ub,V,ub/ub/,int_a/int_b/none,128/128/0,128,1024,"v0.ub = vadd(v0.ub,v1.ub):sat","v0.ub = vadd(v0.ub,v1.ub):sat","v0.ub = vadd(v0.ub,v1.ub):sat","v0.ub = vadd(v0.ub,v1.ub):sat"
25,Q6_Wub_vadd_WubWub_sat,insn,int_round,Q6_Wub_vadd_WubWub_sat,"Vdd32.ub=vadd(Vuu32.ub,Vvv32.ub):sat",60,__HVX_ARCH__ >= 73,ub,W,ub/ub/,int_a/int_b/none,256/256/0,256,1024,"v1:0.ub = vadd(v1:0.ub,v3:2.ub):sat","v1:0.ub = vadd(v1:0.ub,v3:2.ub):sat","v1:0.ub = vadd(v1:0.ub,v3:2.ub):sat","v1:0.ub = vadd(v1:0.ub,v3:2.ub):sat"
26,Q6_Vub_vadd_VubVb_sat,insn,int_round,Q6_Vub_vadd_VubVb_sat,"Vd32.ub=vadd(Vu32.ub,Vv32.b):sat",62,__HVX_ARCH__ >= 73,ub,V,ub/b/,int_a/int_b/none,128/128/0,128,1024,"v0.ub = vadd(v0.ub,v1.b):sat","v0.ub = vadd(v0.ub,v1.b):sat","v0.ub = vadd(v0.ub,v1.b):sat","v0.ub = vadd(v0.ub,v1.b):sat"
27,Q6_Vuh_vadd_VuhVuh_sat,insn,int_round,Q6_Vuh_vadd_VuhVuh_sat,"Vd32.uh=vadd(Vu32.uh,Vv32.uh):sat",60,__HVX_ARCH__ >= 73,uh,V,uh/uh/,int_a/int_b/none,128/128/0,128,1024,"v0.uh = vadd(v0.uh,v1.uh):sat","v0.uh = vadd(v0.uh,v1.uh):sat","v0.uh = vadd(v0.uh,v1.uh):sat","v0.uh = vadd(v0.uh,v1.uh):sat"
28,Q6_Wuh_vadd_WuhWuh_sat,insn,int_round,Q6_Wuh_vadd_WuhWuh_sat,"Vdd32.uh=vadd(Vuu32.uh,Vvv32.uh):sat",60,__HVX_ARCH__ >= 73,uh,W,uh/uh/,int_a/int_b/none,256/256/0,256,1024,"v1:0.uh = vadd(v1:0.uh,v3:2.uh):sat","v1:0.uh = vadd(v1:0.uh,v3:2.uh):sat","v1:0.uh = vadd(v1:0.uh,v3:2.uh):sat","v1:0.uh = vadd(v1:0.uh,v3:2.uh):sat"
29,Q6_Vuw_vadd_VuwVuw_sat,insn,int_round,Q6_Vuw_vadd_VuwVuw_sat,"Vd32.uw=vadd(Vu32.uw,Vv32.uw):sat",62,__HVX_ARCH__ >= 73,uw,V,uw/uw/,int_a/int_b/none,128/128/0,128,1024,"v0.uw = vadd(v0.uw,v1.uw):sat","v0.uw = vadd(v0.uw,v1.uw):sat","v0.uw = vadd(v0.uw,v1.uw):sat","v0.uw = vadd(v0.uw,v1.uw):sat"
30,Q6_Wuw_vadd_WuwWuw_sat,insn,int_round,Q6_Wuw_vadd_WuwWuw_sat,"Vdd32.uw=vadd(Vuu32.uw,Vvv32.uw):sat",62,__HVX_ARCH__ >= 73,uw,W,uw/uw/,int_a/int_b/none,256/256/0,256,1024,"v1:0.uw = vadd(v1:0.uw,v3:2.uw):sat","v1:0.uw = vadd(v1:0.uw,v3:2.uw):sat","v1:0.uw = vadd(v1:0.uw,v3:2.uw):sat","v1:0.uw = vadd(v1:0.uw,v3:2.uw):sat"
31,Q6_Vw_vadd_VwVw_sat,insn,int_round,Q6_Vw_vadd_VwVw_sat,"Vd32.w=vadd(Vu32.w,Vv32.w):sat",60,__HVX_ARCH__ >= 73,w,V,w/w/,int_a/int_b/none,128/128/0,128,1024,"v0.w = vadd(v0.w,v1.w):sat","v0.w = vadd(v0.w,v1.w):sat","v0.w = vadd(v0.w,v1.w):sat","v0.w = vadd(v0.w,v1.w):sat"
32,Q6_Ww_vadd_WwWw_sat,insn,int_round,Q6_Ww_vadd_WwWw_sat,"Vdd32.w=vadd(Vuu32.w,Vvv32.w):sat",60,__HVX_ARCH__ >= 73,w,W,w/w/,int_a/int_b/none,256/256/0,256,1024,"v1:0.w = vadd(v1:0.w,v3:2.w):sat","v1:0.w = vadd(v1:0.w,v3:2.w):sat","v1:0.w = vadd(v1:0.w,v3:2.w):sat","v1:0.w = vadd(v1:0.w,v3:2.w):sat"
33,Q6_Vb_vasr_VhVhR_rnd_sat,insn,int_round,Q6_Vb_vasr_VhVhR_rnd_sat,"Vd32.b=vasr(Vu32.h,Vv32.h,Rt8):rnd:sat",60,__HVX_ARCH__ >= 73,b,V,h/h/,int_a/int_b/int_c,128/128/128,128,1024,"v0.b = vasr(v0.h,v1.h,r0):rnd:sat","v0.b = vasr(v0.h,v1.h,r0):rnd:sat","v0.b = vasr(v0.h,v1.h,r0):rnd:sat","v0.b = vasr(v0.h,v1.h,r0):rnd:sat"
34,Q6_Vb_vasr_VhVhR_sat,insn,int_round,Q6_Vb_vasr_VhVhR_sat,"Vd32.b=vasr(Vu32.h,Vv32.h,Rt8):sat",62,__HVX_ARCH__ >= 73,b,V,h/h/,int_a/int_b/int_c,128/128/128,128,1024,"v0.b = vasr(v0.h,v1.h,r0):sat","v0.b = vasr(v0.h,v1.h,r0):sat","v0.b = vasr(v0.h,v1.h,r0):sat","v0.b = vasr(v0.h,v1.h,r0):sat"
35,Q6_Vub_vasr_VhVhR_rnd_sat,insn,int_round,Q6_Vub_vasr_VhVhR_rnd_sat,"Vd32.ub=vasr(Vu32.h,Vv32.h,Rt8):rnd:sat",60,__HVX_ARCH__ >= 73,ub,V,h/h/,int_a/int_b/int_c,128/128/128,128,1024,"v0.ub = vasr(v0.h,v1.h,r0):rnd:sat","v0.ub = vasr(v0.h,v1.h,r0):rnd:sat","v0.ub = vasr(v0.h,v1.h,r0):rnd:sat","v0.ub = vasr(v0.h,v1.h,r0):rnd:sat"
36,Q6_Vub_vasr_VhVhR_sat,insn,int_round,Q6_Vub_vasr_VhVhR_sat,"Vd32.ub=vasr(Vu32.h,Vv32.h,Rt8):sat",60,__HVX_ARCH__ >= 73,ub,V,h/h/,int_a/int_b/int_c,128/128/128,128,1024,"v0.ub = vasr(v0.h,v1.h,r0):sat","v0.ub = vasr(v0.h,v1.h,r0):sat","v0.ub = vasr(v0.h,v1.h,r0):sat","v0.ub = vasr(v0.h,v1.h,r0):sat"
37,Q6_Vub_vasr_VuhVuhR_rnd_sat,insn,int_round,Q6_Vub_vasr_VuhVuhR_rnd_sat,"Vd32.ub=vasr(Vu32.uh,Vv32.uh,Rt8):rnd:sat",65,__HVX_ARCH__ >= 73,ub,V,uh/uh/,int_a/int_b/int_c,128/128/128,128,1024,"v0.ub = vasr(v0.uh,v1.uh,r0):rnd:sat","v0.ub = vasr(v0.uh,v1.uh,r0):rnd:sat","v0.ub = vasr(v0.uh,v1.uh,r0):rnd:sat","v0.ub = vasr(v0.uh,v1.uh,r0):rnd:sat"
38,Q6_Vub_vasr_VuhVuhR_sat,insn,int_round,Q6_Vub_vasr_VuhVuhR_sat,"Vd32.ub=vasr(Vu32.uh,Vv32.uh,Rt8):sat",65,__HVX_ARCH__ >= 73,ub,V,uh/uh/,int_a/int_b/int_c,128/128/128,128,1024,"v0.ub = vasr(v0.uh,v1.uh,r0):sat","v0.ub = vasr(v0.uh,v1.uh,r0):sat","v0.ub = vasr(v0.uh,v1.uh,r0):sat","v0.ub = vasr(v0.uh,v1.uh,r0):sat"
39,Q6_Vuh_vasr_VuwVuwR_rnd_sat,insn,int_round,Q6_Vuh_vasr_VuwVuwR_rnd_sat,"Vd32.uh=vasr(Vu32.uw,Vv32.uw,Rt8):rnd:sat",62,__HVX_ARCH__ >= 73,uh,V,uw/uw/,int_a/int_b/int_c,128/128/128,128,1024,"v0.uh = vasr(v0.uw,v1.uw,r0):rnd:sat","v0.uh = vasr(v0.uw,v1.uw,r0):rnd:sat","v0.uh = vasr(v0.uw,v1.uw,r0):rnd:sat","v0.uh = vasr(v0.uw,v1.uw,r0):rnd:sat"
40,Q6_Vuh_vasr_VuwVuwR_sat,insn,int_round,Q6_Vuh_vasr_VuwVuwR_sat,"Vd32.uh=vasr(Vu32.uw,Vv32.uw,Rt8):sat",65,__HVX_ARCH__ >= 73,uh,V,uw/uw/,int_a/int_b/int_c,128/128/128,128,1024,"v0.uh = vasr(v0.uw,v1.uw,r0):sat","v0.uh = vasr(v0.uw,v1.uw,r0):sat","v0.uh = vasr(v0.uw,v1.uw,r0):sat","v0.uh = vasr(v0.uw,v1.uw,r0):sat"
41,Q6_Vh_vasr_VwVwR_rnd_sat,insn,int_round,Q6_Vh_vasr_VwVwR_rnd_sat,"Vd32.h=vasr(Vu32.w,Vv32.w,Rt8):rnd:sat",60,__HVX_ARCH__ >= 73,h,V,w/w/,int_a/int_b/int_c,128/128/128,128,1024,"v0.h = vasr(v0.w,v1.w,r0):rnd:sat","v0.h = vasr(v0.w,v1.w,r0):rnd:sat","v0.h = vasr(v0.w,v1.w,r0):rnd:sat","v0.h = vasr(v0.w,v1.w,r0):rnd:sat"
42,Q6_Vh_vasr_VwVwR_sat,insn,int_round,Q6_Vh_vasr_VwVwR_sat,"Vd32.h=vasr(Vu32.w,Vv32.w,Rt8):sat",60,__HVX_ARCH__ >= 73,h,V,w/w/,int_a/int_b/int_c,128/128/128,128,1024,"v0.h = vasr(v0.w,v1.w,r0):sat","v0.h = vasr(v0.w,v1.w,r0):sat","v0.h = vasr(v0.w,v1.w,r0):sat","v0.h = vasr(v0.w,v1.w,r0):sat"
43,Q6_Vuh_vasr_VwVwR_rnd_sat,insn,int_round,Q6_Vuh_vasr_VwVwR_rnd_sat,"Vd32.uh=vasr(Vu32.w,Vv32.w,Rt8):rnd:sat",62,__HVX_ARCH__ >= 73,uh,V,w/w/,int_a/int_b/int_c,128/128/128,128,1024,"v0.uh = vasr(v0.w,v1.w,r0):rnd:sat","v0.uh = vasr(v0.w,v1.w,r0):rnd:sat","v0.uh = vasr(v0.w,v1.w,r0):rnd:sat","v0.uh = vasr(v0.w,v1.w,r0):rnd:sat"
44,Q6_Vuh_vasr_VwVwR_sat,insn,int_round,Q6_Vuh_vasr_VwVwR_sat,"Vd32.uh=vasr(Vu32.w,Vv32.w,Rt8):sat",60,__HVX_ARCH__ >= 73,uh,V,w/w/,int_a/int_b/int_c,128/128/128,128,1024,"v0.uh = vasr(v0.w,v1.w,r0):sat","v0.uh = vasr(v0.w,v1.w,r0):sat","v0.uh = vasr(v0.w,v1.w,r0):sat","v0.uh = vasr(v0.w,v1.w,r0):sat"
45,Q6_Vb_vavg_VbVb,insn,int_round,Q6_Vb_vavg_VbVb,"Vd32.b=vavg(Vu32.b,Vv32.b)",65,__HVX_ARCH__ >= 73,b,V,b/b/,int_a/int_b/none,128/128/0,128,1024,"v0.b = vavg(v0.b,v1.b)","v0.b = vavg(v0.b,v1.b)","v0.b = vavg(v0.b,v1.b)","v0.b = vavg(v0.b,v1.b)"
46,Q6_Vb_vavg_VbVb_rnd,insn,int_round,Q6_Vb_vavg_VbVb_rnd,"Vd32.b=vavg(Vu32.b,Vv32.b):rnd",65,__HVX_ARCH__ >= 73,b,V,b/b/,int_a/int_b/none,128/128/0,128,1024,"v0.b = vavg(v0.b,v1.b):rnd","v0.b = vavg(v0.b,v1.b):rnd","v0.b = vavg(v0.b,v1.b):rnd","v0.b = vavg(v0.b,v1.b):rnd"
47,Q6_Vh_vavg_VhVh,insn,int_round,Q6_Vh_vavg_VhVh,"Vd32.h=vavg(Vu32.h,Vv32.h)",60,__HVX_ARCH__ >= 73,h,V,h/h/,int_a/int_b/none,128/128/0,128,1024,"v0.h = vavg(v0.h,v1.h)","v0.h = vavg(v0.h,v1.h)","v0.h = vavg(v0.h,v1.h)","v0.h = vavg(v0.h,v1.h)"
48,Q6_Vh_vavg_VhVh_rnd,insn,int_round,Q6_Vh_vavg_VhVh_rnd,"Vd32.h=vavg(Vu32.h,Vv32.h):rnd",60,__HVX_ARCH__ >= 73,h,V,h/h/,int_a/int_b/none,128/128/0,128,1024,"v0.h = vavg(v0.h,v1.h):rnd","v0.h = vavg(v0.h,v1.h):rnd","v0.h = vavg(v0.h,v1.h):rnd","v0.h = vavg(v0.h,v1.h):rnd"
49,Q6_Vub_vavg_VubVub,insn,int_round,Q6_Vub_vavg_VubVub,"Vd32.ub=vavg(Vu32.ub,Vv32.ub)",60,__HVX_ARCH__ >= 73,ub,V,ub/ub/,int_a/int_b/none,128/128/0,128,1024,"v0.ub = vavg(v0.ub,v1.ub)","v0.ub = vavg(v0.ub,v1.ub)","v0.ub = vavg(v0.ub,v1.ub)","v0.ub = vavg(v0.ub,v1.ub)"
50,Q6_Vub_vavg_VubVub_rnd,insn,int_round,Q6_Vub_vavg_VubVub_rnd,"Vd32.ub=vavg(Vu32.ub,Vv32.ub):rnd",60,__HVX_ARCH__ >= 73,ub,V,ub/ub/,int_a/int_b/none,128/128/0,128,1024,"v0.ub = vavg(v0.ub,v1.ub):rnd","v0.ub = vavg(v0.ub,v1.ub):rnd","v0.ub = vavg(v0.ub,v1.ub):rnd","v0.ub = vavg(v0.ub,v1.ub):rnd"
51,Q6_Vuh_vavg_VuhVuh,insn,int_round,Q6_Vuh_vavg_VuhVuh,"Vd32.uh=vavg(Vu32.uh,Vv32.uh)",60,__HVX_ARCH__ >= 73,uh,V,uh/uh/,int_a/int_b/none,128/128/0,128,1024,"v0.uh = vavg(v0.uh,v1.uh)","v0.uh = vavg(v0.uh,v1.uh)","v0.uh = vavg(v0.uh,v1.uh)","v0.uh = vavg(v0.uh,v1.uh)"
52,Q6_Vuh_vavg_VuhVuh_rnd,insn,int_round,Q6_Vuh_vavg_VuhVuh_rnd,"Vd32.uh=vavg(Vu32.uh,Vv32.uh):rnd",60,__HVX_ARCH__ >= 73,uh,V,uh/uh/,int_a/int_b/none,128/128/0,128,1024,"v0.uh = vavg(v0.uh,v1.uh):rnd","v0.uh = vavg(v0.uh,v1.uh):rnd","v0.uh = vavg(v0.uh,v1.uh):rnd","v0.uh = vavg(v0.uh,v1.uh):rnd"
53,Q6_Vuw_vavg_VuwVuw,insn,int_round,Q6_Vuw_vavg_VuwVuw,"Vd32.uw=vavg(Vu32.uw,Vv32.uw)",65,__HVX_ARCH__ >= 73,uw,V,uw/uw/,int_a/int_b/none,128/128/0,128,1024,"v0.uw = vavg(v0.uw,v1.uw)","v0.uw = vavg(v0.uw,v1.uw)","v0.uw = vavg(v0.uw,v1.uw)","v0.uw = vavg(v0.uw,v1.uw)"
54,Q6_Vuw_vavg_VuwVuw_rnd,insn,int_round,Q6_Vuw_vavg_VuwVuw_rnd,"Vd32.uw=vavg(Vu32.uw,Vv32.uw):rnd",65,__HVX_ARCH__ >= 73,uw,V,uw/uw/,int_a/int_b/none,128/128/0,128,1024,"v0.uw = vavg(v0.uw,v1.uw):rnd","v0.uw = vavg(v0.uw,v1.uw):rnd","v0.uw = vavg(v0.uw,v1.uw):rnd","v0.uw = vavg(v0.uw,v1.uw):rnd"
55,Q6_Vw_vavg_VwVw,insn,int_round,Q6_Vw_vavg_VwVw,"Vd32.w=vavg(Vu32.w,Vv32.w)",60,__HVX_ARCH__ >= 73,w,V,w/w/,int_a/int_b/none,128/128/0,128,1024,"v0.w = vavg(v0.w,v1.w)","v0.w = vavg(v0.w,v1.w)","v0.w = vavg(v0.w,v1.w)","v0.w = vavg(v0.w,v1.w)"
56,Q6_Vw_vavg_VwVw_rnd,insn,int_round,Q6_Vw_vavg_VwVw_rnd,"Vd32.w=vavg(Vu32.w,Vv32.w):rnd",60,__HVX_ARCH__ >= 73,w,V,w/w/,int_a/int_b/none,128/128/0,128,1024,"v0.w = vavg(v0.w,v1.w):rnd","v0.w = vavg(v0.w,v1.w):rnd","v0.w = vavg(v0.w,v1.w):rnd","v0.w = vavg(v0.w,v1.w):rnd"
57,Q6_Vuh_vcl0_Vuh,insn,int_round,Q6_Vuh_vcl0_Vuh,Vd32.uh=vcl0(Vu32.uh),60,__HVX_ARCH__ >= 73,uh,V,uh//,int_a/none/none,128/0/0,128,1024,v0.uh = vcl0(v0.uh),v0.uh = vcl0(v0.uh),v0.uh = vcl0(v0.uh),v0.uh = vcl0(v0.uh)
58,Q6_Vuw_vcl0_Vuw,insn,int_round,Q6_Vuw_vcl0_Vuw,Vd32.uw=vcl0(Vu32.uw),60,__HVX_ARCH__ >= 73,uw,V,uw//,int_a/none/none,128/0/0,128,1024,v0.uw = vcl0(v0.uw),v0.uw = vcl0(v0.uw),v0.uw = vcl0(v0.uw),v0.uw = vcl0(v0.uw)
59,Q6_Vhf_equals_Vqf16,insn,qf_conv,Q6_Vhf_equals_Vqf16,Vd32.hf=Vu32.qf16,68,__HVX_ARCH__ >= 73,hf,V,qf16//,qf16_a/none/none,128/0/0,128,4096,v0.hf = v0.qf16,v0.hf = v0.qf16,v0.hf = v0.qf16,v0.hf = v0.qf16
60,Q6_Vhf_equals_Wqf32,insn,qf_conv,Q6_Vhf_equals_Wqf32,Vd32.hf=Vuu32.qf32,68,__HVX_ARCH__ >= 73,hf,V,qf32//,qf32_a/none/none,256/0/0,128,2048,v0.hf = v1:0.qf32,v0.hf = v1:0.qf32,v0.hf = v1:0.qf32,v0.hf = v1:0.qf32
61,Q6_Vsf_equals_Vqf32,insn,qf_conv,Q6_Vsf_equals_Vqf32,Vd32.sf=Vu32.qf32,68,__HVX_ARCH__ >= 73,sf,V,qf32//,qf32_a/none/none,128/0/0,128,4096,v0.sf = v0.qf32,v0.sf = v0.qf32,v0.sf = v0.qf32,v0.sf = v0.qf32
62,ieee.Q6_Vb_vcvt_VhfVhf,ieee,int_float_conv,Q6_Vb_vcvt_VhfVhf,"Vd32.b=vcvt(Vu32.hf,Vv32.hf)",68,__HVX_ARCH__ >= 73,b,V,hf/hf/,hf_a/hf_b/none,128/128/0,128,4096,"v0.b = vcvt(v0.hf,v1.hf)","v0.b = vcvt(v0.hf,v1.hf)","v0.b = vcvt(v0.hf,v1.hf)","v0.b = vcvt(v0.hf,v1.hf)"
63,cc.Q6_Vb_vcvt_VhfVhf,cc,int_float_conv,Q6_Vb_vcvt_VhfVhf,"Vd32.b=vcvt(Vu32.hf,Vv32.hf)",68,__HVX_ARCH__ >= 73,b,V,hf/hf/,hf_a/hf_b/none,128/128/0,128,4096,"v0.b = vcvt(v0.hf,v1.hf)","v0.b = vcvt(v0.hf,v1.hf)","allocframe(#0x0) | r29 = and(r29,#-0x80) | allocframe(#0x0) | deallocframe | call 0x10 <isa_probe+0x10> | dealloc_return","v2.h = v0.hf:rnd ; v3.h = v1.hf:rnd | v4.b = vpack(v3.h,v2.h):sat | v0.h = vshuff(v4.h)"
64,ieee.Q6_Vh_vcvt_Vhf,ieee,int_float_conv,Q6_Vh_vcvt_Vhf,Vd32.h=vcvt(Vu32.hf),68,__HVX_ARCH__ >= 73,h,V,hf//,hf_a/none/none,128/0/0,128,4096,v0.h = vcvt(v0.hf),v0.h = vcvt(v0.hf),v0.h = vcvt(v0.hf),v0.h = vcvt(v0.hf)
65,cc.Q6_Vh_vcvt_Vhf,cc,int_float_conv,Q6_Vh_vcvt_Vhf,Vd32.h=vcvt(Vu32.hf),68,__HVX_ARCH__ >= 73,h,V,hf//,hf_a/none/none,128/0/0,128,4096,v0.h = vcvt(v0.hf),v0.h = vcvt(v0.hf),"allocframe(#0x0) | r29 = and(r29,#-0x80) | allocframe(#0x0) | deallocframe | call 0x10 <isa_probe+0x10> | dealloc_return",v0.h = v0.hf:rnd
66,ieee.Q6_Whf_vcvt_Vb,ieee,int_float_conv,Q6_Whf_vcvt_Vb,Vdd32.hf=vcvt(Vu32.b),68,__HVX_ARCH__ >= 73,hf,W,b//,seq16/none/none,128/0/0,256,4096,v1:0.hf = vcvt(v0.b),v1:0.hf = vcvt(v0.b),v1:0.hf = vcvt(v0.b),v1:0.hf = vcvt(v0.b)
67,cc.Q6_Whf_vcvt_Vb,cc,int_float_conv,Q6_Whf_vcvt_Vb,Vdd32.hf=vcvt(Vu32.b),68,__HVX_ARCH__ >= 73,hf,W,b//,seq16/none/none,128/0/0,256,4096,v1:0.hf = vcvt(v0.b),v1:0.hf = vcvt(v0.b),v1.h = vdeal(v0.h) | v3:2.h = vunpack(v1.b) | v0.hf = v2.h ; v1.hf = v3.h,v1.h = vdeal(v0.h) | v3:2.h = vunpack(v1.b) | v0.hf = v2.h ; v1.hf = v3.h
68,ieee.Q6_Vhf_vcvt_Vh,ieee,int_float_conv,Q6_Vhf_vcvt_Vh,Vd32.hf=vcvt(Vu32.h),68,__HVX_ARCH__ >= 73,hf,V,h//,seq16/none/none,128/0/0,128,4096,v0.hf = vcvt(v0.h),v0.hf = vcvt(v0.h),v0.hf = vcvt(v0.h),v0.hf = vcvt(v0.h)
69,cc.Q6_Vhf_vcvt_Vh,cc,int_float_conv,Q6_Vhf_vcvt_Vh,Vd32.hf=vcvt(Vu32.h),68,__HVX_ARCH__ >= 73,hf,V,h//,seq16/none/none,128/0/0,128,4096,v0.hf = vcvt(v0.h),v0.hf = vcvt(v0.h),v0.hf = v0.h,v0.hf = v0.h
70,ieee.Q6_Vhf_vcvt_VsfVsf,ieee,ieee_form,Q6_Vhf_vcvt_VsfVsf,"Vd32.hf=vcvt(Vu32.sf,Vv32.sf)",68,__HVX_ARCH__ >= 73,hf,V,sf/sf/,sf_a/sf_b/none,128/128/0,128,4096,"v0.hf = vcvt(v0.sf,v1.sf)","v0.hf = vcvt(v0.sf,v1.sf)","v0.hf = vcvt(v0.sf,v1.sf)","v0.hf = vcvt(v0.sf,v1.sf)"
71,cc.Q6_Vhf_vcvt_VsfVsf,cc,ieee_form,Q6_Vhf_vcvt_VsfVsf,"Vd32.hf=vcvt(Vu32.sf,Vv32.sf)",68,__HVX_ARCH__ >= 73,hf,V,sf/sf/,sf_a/sf_b/none,128/128/0,128,4096,"v0.hf = vcvt(v0.sf,v1.sf)","v0.hf = vcvt(v0.sf,v1.sf)","v2 = vxor(v2,v2) | v0.qf32 = vadd(v0.sf,v2.sf) ; v1.qf32 = vadd(v1.sf,v2.sf) | v0.hf = v1:0.qf32",v0.qf32 = v0.sf ; v1.qf32 = v1.sf | v0.hf = v1:0.qf32
72,ieee.Q6_Whf_vcvt_Vub,ieee,int_float_conv,Q6_Whf_vcvt_Vub,Vdd32.hf=vcvt(Vu32.ub),68,__HVX_ARCH__ >= 73,hf,W,ub//,seq16/none/none,128/0/0,256,4096,v1:0.hf = vcvt(v0.ub),v1:0.hf = vcvt(v0.ub),v1:0.hf = vcvt(v0.ub),v1:0.hf = vcvt(v0.ub)
73,cc.Q6_Whf_vcvt_Vub,cc,int_float_conv,Q6_Whf_vcvt_Vub,Vdd32.hf=vcvt(Vu32.ub),68,__HVX_ARCH__ >= 73,hf,W,ub//,seq16/none/none,128/0/0,256,4096,v1:0.hf = vcvt(v0.ub),v1:0.hf = vcvt(v0.ub),v1.h = vdeal(v0.h) | v3:2.uh = vunpack(v1.ub) | v0.hf = v2.h ; v1.hf = v3.h,v1.h = vdeal(v0.h) | v3:2.uh = vunpack(v1.ub) | v0.hf = v2.h ; v1.hf = v3.h
74,ieee.Q6_Vhf_vcvt_Vuh,ieee,int_float_conv,Q6_Vhf_vcvt_Vuh,Vd32.hf=vcvt(Vu32.uh),68,__HVX_ARCH__ >= 73,hf,V,uh//,seq16/none/none,128/0/0,128,4096,v0.hf = vcvt(v0.uh),v0.hf = vcvt(v0.uh),v0.hf = vcvt(v0.uh),v0.hf = vcvt(v0.uh)
75,cc.Q6_Vhf_vcvt_Vuh,cc,int_float_conv,Q6_Vhf_vcvt_Vuh,Vd32.hf=vcvt(Vu32.uh),68,__HVX_ARCH__ >= 73,hf,V,uh//,seq16/none/none,128/0/0,128,4096,v0.hf = vcvt(v0.uh),v0.hf = vcvt(v0.uh),"immext(#0x80000000) ; r2 = ##-0x80000000 ; v1:0.uw = vzxt(v0.uh) | v2 = vsplat(r2) | v3.sf = v0.w ; v1.sf = v1.w | v4.qf32 = vadd(v3.sf,v2.sf) ; v5.qf32 = vadd(v1.sf,v2.sf) | v0.hf = v5:4.qf32",v1:0.uw = vzxt(v0.uh) | v2.sf = v0.w ; v1.sf = v1.w | v2.qf32 = v2.sf ; v3.qf32 = v1.sf | v0.hf = v3:2.qf32
76,ieee.Q6_Wsf_vcvt_Vhf,ieee,ieee_form,Q6_Wsf_vcvt_Vhf,Vdd32.sf=vcvt(Vu32.hf),68,__HVX_ARCH__ >= 73,sf,W,hf//,hf_a/none/none,128/0/0,256,4096,v1:0.sf = vcvt(v0.hf),v1:0.sf = vcvt(v0.hf),v1:0.sf = vcvt(v0.hf),v1:0.sf = vcvt(v0.hf)
77,cc.Q6_Wsf_vcvt_Vhf,cc,ieee_form,Q6_Wsf_vcvt_Vhf,Vdd32.sf=vcvt(Vu32.hf),68,__HVX_ARCH__ >= 73,sf,W,hf//,hf_a/none/none,128/0/0,256,4096,v1:0.sf = vcvt(v0.hf),v1:0.sf = vcvt(v0.hf),"r2 = #0x3c00 | v1.h = vsplat(r2) | v3:2.qf32 = vmpy(v0.hf,v1.hf) | v0.sf = v2.qf32 ; v1.sf = v3.qf32","r2 = #0x3c00 | v1.h = vsplat(r2) | v3:2.qf32 = vmpy(v0.hf,v1.hf) | v0.sf = v2.qf32 ; v1.sf = v3.qf32"
78,ieee.Q6_Vub_vcvt_VhfVhf,ieee,int_float_conv,Q6_Vub_vcvt_VhfVhf,"Vd32.ub=vcvt(Vu32.hf,Vv32.hf)",68,__HVX_ARCH__ >= 73,ub,V,hf/hf/,hf_a/hf_b/none,128/128/0,128,4096,"v0.ub = vcvt(v0.hf,v1.hf)","v0.ub = vcvt(v0.hf,v1.hf)","v0.ub = vcvt(v0.hf,v1.hf)","v0.ub = vcvt(v0.hf,v1.hf)"
79,cc.Q6_Vub_vcvt_VhfVhf,cc,int_float_conv,Q6_Vub_vcvt_VhfVhf,"Vd32.ub=vcvt(Vu32.hf,Vv32.hf)",68,__HVX_ARCH__ >= 73,ub,V,hf/hf/,hf_a/hf_b/none,128/128/0,128,4096,"v0.ub = vcvt(v0.hf,v1.hf)","v0.ub = vcvt(v0.hf,v1.hf)","allocframe(#0x0) | r29 = and(r29,#-0x80) | allocframe(#0x0) | deallocframe | call 0x10 <isa_probe+0x10> | dealloc_return","v2.h = v0.hf:rnd ; v3.h = v1.hf:rnd | v4.ub = vpack(v3.h,v2.h):sat | v0.h = vshuff(v4.h)"
80,ieee.Q6_Vuh_vcvt_Vhf,ieee,int_float_conv,Q6_Vuh_vcvt_Vhf,Vd32.uh=vcvt(Vu32.hf),68,__HVX_ARCH__ >= 73,uh,V,hf//,hf_a/none/none,128/0/0,128,4096,v0.uh = vcvt(v0.hf),v0.uh = vcvt(v0.hf),v0.uh = vcvt(v0.hf),v0.uh = vcvt(v0.hf)
81,cc.Q6_Vuh_vcvt_Vhf,cc,int_float_conv,Q6_Vuh_vcvt_Vhf,Vd32.uh=vcvt(Vu32.hf),68,__HVX_ARCH__ >= 73,uh,V,hf//,hf_a/none/none,128/0/0,128,4096,v0.uh = vcvt(v0.hf),v0.uh = vcvt(v0.hf),"allocframe(#0x0) | r29 = and(r29,#-0x80) | allocframe(#0x0) | deallocframe | call 0x10 <isa_probe+0x10> | dealloc_return","immext(#0x38003800) ; r2 = ##0x38003800 ; r3 = #0x77ff ; r0 = #0x7bff | v3.qf16 = vmpy(v0.hf,r2.hf) ; r4 = #0x1 ; v1.h = v0.hf:rnd ; v2 = vxor(v2,v2) | v4.h = vsplat(r3) ; v5.h = vsplat(r0) ; v8.hf = vmax(v2.hf,v1.hf) | v6.hf = v3.qf16 ; q0 = vcmp.gt(v4.hf,v0.hf) | q0 |= vcmp.gt(v0.hf,v5.hf) | v7.h = v6.hf:rnd | v9.h = vasl(v7.h,r4) | v0 = vmux(q0,v8,v9)"
82,ieee.Q6_Vsf_vdmpy_VhfVhf,ieee,ieee_form,Q6_Vsf_vdmpy_VhfVhf,"Vd32.sf=vdmpy(Vu32.hf,Vv32.hf)",68,__HVX_ARCH__ >= 73,sf,V,hf/hf/,hf_a/hf_b/none,128/128/0,128,4096,"v0.sf = vdmpy(v0.hf,v1.hf)","v0.sf = vdmpy(v0.hf,v1.hf)","v0.sf = vdmpy(v0.hf,v1.hf)","v0.sf = vdmpy(v0.hf,v1.hf)"
83,cc.Q6_Vsf_vdmpy_VhfVhf,cc,ieee_form,Q6_Vsf_vdmpy_VhfVhf,"Vd32.sf=vdmpy(Vu32.hf,Vv32.hf)",68,__HVX_ARCH__ >= 73,sf,V,hf/hf/,hf_a/hf_b/none,128/128/0,128,4096,"v0.sf = vdmpy(v0.hf,v1.hf)","v0.sf = vdmpy(v0.hf,v1.hf)","v1:0.qf32 = vmpy(v0.hf,v1.hf) | v2.qf32 = vadd(v0.qf32,v1.qf32) | v0.sf = v2.qf32","v1:0.qf32 = vmpy(v0.hf,v1.hf) | v2.qf32 = vadd(v0.qf32,v1.qf32) | v0.sf = v2.qf32"
84,ieee.Q6_Vsf_vdmpyacc_VsfVhfVhf,ieee,ieee_form,Q6_Vsf_vdmpyacc_VsfVhfVhf,"Vx32.sf+=vdmpy(Vu32.hf,Vv32.hf)",68,__HVX_ARCH__ >= 73,sf,V,hf/hf/sf,hf_a/hf_b/sf_c,128/128/128,128,4096,"v0.sf += vdmpy(v1.hf,v2.hf)","v0.sf += vdmpy(v1.hf,v2.hf)","v0.sf += vdmpy(v1.hf,v2.hf)","v0.sf += vdmpy(v1.hf,v2.hf)"
85,cc.Q6_Vsf_vdmpyacc_VsfVhfVhf,cc,ieee_form,Q6_Vsf_vdmpyacc_VsfVhfVhf,"Vx32.sf+=vdmpy(Vu32.hf,Vv32.hf)",68,__HVX_ARCH__ >= 73,sf,V,hf/hf/sf,hf_a/hf_b/sf_c,128/128/128,128,4096,"v0.sf += vdmpy(v1.hf,v2.hf)","v0.sf += vdmpy(v1.hf,v2.hf)","v3:2.qf32 = vmpy(v1.hf,v2.hf) | v3.qf32 = vadd(v2.qf32,v3.qf32) | v4.qf32 = vadd(v3.qf32,v0.sf) | v0.sf = v4.qf32","v3:2.qf32 = vmpy(v1.hf,v2.hf) | v3.qf32 = vadd(v2.qf32,v3.qf32) | v4.qf32 = vadd(v3.qf32,v0.sf) | v0.sf = v4.qf32"
86,Q6_Vh_vdmpy_VubRb,insn,int_round,Q6_Vh_vdmpy_VubRb,"Vd32.h=vdmpy(Vu32.ub, Rt32.b)",60,__HVX_ARCH__ >= 73,h,V,ub/b/,int_a/int_b/none,128/128/0,128,1024,"v0.h = vdmpy(v0.ub,r0.b)","v0.h = vdmpy(v0.ub,r0.b)","v0.h = vdmpy(v0.ub,r0.b)","v0.h = vdmpy(v0.ub,r0.b)"
87,Q6_Vh_vdmpyacc_VhVubRb,insn,int_round,Q6_Vh_vdmpyacc_VhVubRb,"Vx32.h+=vdmpy(Vu32.ub, Rt32.b)",60,__HVX_ARCH__ >= 73,h,V,ub/b/h,int_a/int_b/int_c,128/128/128,128,1024,"v0.h += vdmpy(v1.ub,r0.b)","v0.h += vdmpy(v1.ub,r0.b)","v0.h += vdmpy(v1.ub,r0.b)","v0.h += vdmpy(v1.ub,r0.b)"
88,Q6_Wh_vdmpy_WubRb,insn,int_round,Q6_Wh_vdmpy_WubRb,"Vdd32.h=vdmpy(Vuu32.ub, Rt32.b)",60,__HVX_ARCH__ >= 73,h,W,ub/b/,int_a/int_b/none,256/128/0,256,1024,"v1:0.h = vdmpy(v1:0.ub,r0.b)","v1:0.h = vdmpy(v1:0.ub,r0.b)","v1:0.h = vdmpy(v1:0.ub,r0.b)","v1:0.h = vdmpy(v1:0.ub,r0.b)"
89,Q6_Wh_vdmpyacc_WhWubRb,insn,int_round,Q6_Wh_vdmpyacc_WhWubRb,"Vxx32.h+=vdmpy(Vuu32.ub, Rt32.b)",60,__HVX_ARCH__ >= 73,h,W,ub/b/h,int_a/int_b/int_c,256/128/256,256,1024,"v1:0.h += vdmpy(v3:2.ub,r0.b)","v1:0.h += vdmpy(v3:2.ub,r0.b)","v1:0.h += vdmpy(v3:2.ub,r0.b)","v1:0.h += vdmpy(v3:2.ub,r0.b)"
90,Q6_Vw_vdmpy_VhRb,insn,int_round,Q6_Vw_vdmpy_VhRb,"Vd32.w=vdmpy(Vu32.h,Rt32.b)",60,__HVX_ARCH__ >= 73,w,V,h/b/,int_a/int_b/none,128/128/0,128,1024,"v0.w = vdmpy(v0.h,r0.b)","v0.w = vdmpy(v0.h,r0.b)","v0.w = vdmpy(v0.h,r0.b)","v0.w = vdmpy(v0.h,r0.b)"
91,Q6_Vw_vdmpyacc_VwVhRb,insn,int_round,Q6_Vw_vdmpyacc_VwVhRb,"Vx32.w+=vdmpy(Vu32.h,Rt32.b)",60,__HVX_ARCH__ >= 73,w,V,h/b/w,int_a/int_b/int_c,128/128/128,128,1024,"v0.w += vdmpy(v1.h,r0.b)","v0.w += vdmpy(v1.h,r0.b)","v0.w += vdmpy(v1.h,r0.b)","v0.w += vdmpy(v1.h,r0.b)"
92,Q6_Ww_vdmpy_WhRb,insn,int_round,Q6_Ww_vdmpy_WhRb,"Vdd32.w=vdmpy(Vuu32.h,Rt32.b)",60,__HVX_ARCH__ >= 73,w,W,h/b/,int_a/int_b/none,256/128/0,256,1024,"v1:0.w = vdmpy(v1:0.h,r0.b)","v1:0.w = vdmpy(v1:0.h,r0.b)","v1:0.w = vdmpy(v1:0.h,r0.b)","v1:0.w = vdmpy(v1:0.h,r0.b)"
93,Q6_Ww_vdmpyacc_WwWhRb,insn,int_round,Q6_Ww_vdmpyacc_WwWhRb,"Vxx32.w+=vdmpy(Vuu32.h,Rt32.b)",60,__HVX_ARCH__ >= 73,w,W,h/b/w,int_a/int_b/int_c,256/128/256,256,1024,"v1:0.w += vdmpy(v3:2.h,r0.b)","v1:0.w += vdmpy(v3:2.h,r0.b)","v1:0.w += vdmpy(v3:2.h,r0.b)","v1:0.w += vdmpy(v3:2.h,r0.b)"
94,Q6_Vw_vdmpy_WhRh_sat,insn,int_round,Q6_Vw_vdmpy_WhRh_sat,"Vd32.w=vdmpy(Vuu32.h,Rt32.h):sat",60,__HVX_ARCH__ >= 73,w,V,h/h/,int_a/int_b/none,256/128/0,128,1024,"v0.w = vdmpy(v1:0.h,r0.h):sat","v0.w = vdmpy(v1:0.h,r0.h):sat","v0.w = vdmpy(v1:0.h,r0.h):sat","v0.w = vdmpy(v1:0.h,r0.h):sat"
95,Q6_Vw_vdmpyacc_VwWhRh_sat,insn,int_round,Q6_Vw_vdmpyacc_VwWhRh_sat,"Vx32.w+=vdmpy(Vuu32.h,Rt32.h):sat",60,__HVX_ARCH__ >= 73,w,V,h/h/w,int_a/int_b/int_c,256/128/128,128,1024,"v0.w += vdmpy(v3:2.h,r0.h):sat","v0.w += vdmpy(v3:2.h,r0.h):sat","v0.w += vdmpy(v3:2.h,r0.h):sat","v0.w += vdmpy(v3:2.h,r0.h):sat"
96,Q6_Vw_vdmpy_VhRh_sat,insn,int_round,Q6_Vw_vdmpy_VhRh_sat,"Vd32.w=vdmpy(Vu32.h,Rt32.h):sat",60,__HVX_ARCH__ >= 73,w,V,h/h/,int_a/int_b/none,128/128/0,128,1024,"v0.w = vdmpy(v0.h,r0.h):sat","v0.w = vdmpy(v0.h,r0.h):sat","v0.w = vdmpy(v0.h,r0.h):sat","v0.w = vdmpy(v0.h,r0.h):sat"
97,Q6_Vw_vdmpyacc_VwVhRh_sat,insn,int_round,Q6_Vw_vdmpyacc_VwVhRh_sat,"Vx32.w+=vdmpy(Vu32.h,Rt32.h):sat",60,__HVX_ARCH__ >= 73,w,V,h/h/w,int_a/int_b/int_c,128/128/128,128,1024,"v0.w += vdmpy(v1.h,r0.h):sat","v0.w += vdmpy(v1.h,r0.h):sat","v0.w += vdmpy(v1.h,r0.h):sat","v0.w += vdmpy(v1.h,r0.h):sat"
98,Q6_Vw_vdmpy_WhRuh_sat,insn,int_round,Q6_Vw_vdmpy_WhRuh_sat,"Vd32.w=vdmpy(Vuu32.h,Rt32.uh,#1):sat",60,__HVX_ARCH__ >= 73,w,V,h/uh/,int_a/int_b/none,256/128/0,128,1024,"v0.w = vdmpy(v1:0.h,r0.uh,#1):sat","v0.w = vdmpy(v1:0.h,r0.uh,#1):sat","v0.w = vdmpy(v1:0.h,r0.uh,#1):sat","v0.w = vdmpy(v1:0.h,r0.uh,#1):sat"
99,Q6_Vw_vdmpyacc_VwWhRuh_sat,insn,int_round,Q6_Vw_vdmpyacc_VwWhRuh_sat,"Vx32.w+=vdmpy(Vuu32.h,Rt32.uh,#1):sat",60,__HVX_ARCH__ >= 73,w,V,h/uh/w,int_a/int_b/int_c,256/128/128,128,1024,"v0.w += vdmpy(v3:2.h,r0.uh,#1):sat","v0.w += vdmpy(v3:2.h,r0.uh,#1):sat","v0.w += vdmpy(v3:2.h,r0.uh,#1):sat","v0.w += vdmpy(v3:2.h,r0.uh,#1):sat"
100,Q6_Vw_vdmpy_VhRuh_sat,insn,int_round,Q6_Vw_vdmpy_VhRuh_sat,"Vd32.w=vdmpy(Vu32.h,Rt32.uh):sat",60,__HVX_ARCH__ >= 73,w,V,h/uh/,int_a/int_b/none,128/128/0,128,1024,"v0.w = vdmpy(v0.h,r0.uh):sat","v0.w = vdmpy(v0.h,r0.uh):sat","v0.w = vdmpy(v0.h,r0.uh):sat","v0.w = vdmpy(v0.h,r0.uh):sat"
101,Q6_Vw_vdmpyacc_VwVhRuh_sat,insn,int_round,Q6_Vw_vdmpyacc_VwVhRuh_sat,"Vx32.w+=vdmpy(Vu32.h,Rt32.uh):sat",60,__HVX_ARCH__ >= 73,w,V,h/uh/w,int_a/int_b/int_c,128/128/128,128,1024,"v0.w += vdmpy(v1.h,r0.uh):sat","v0.w += vdmpy(v1.h,r0.uh):sat","v0.w += vdmpy(v1.h,r0.uh):sat","v0.w += vdmpy(v1.h,r0.uh):sat"
102,Q6_Vw_vdmpy_VhVh_sat,insn,int_round,Q6_Vw_vdmpy_VhVh_sat,"Vd32.w=vdmpy(Vu32.h,Vv32.h):sat",60,__HVX_ARCH__ >= 73,w,V,h/h/,int_a/int_b/none,128/128/0,128,1024,"v0.w = vdmpy(v0.h,v1.h):sat","v0.w = vdmpy(v0.h,v1.h):sat","v0.w = vdmpy(v0.h,v1.h):sat","v0.w = vdmpy(v0.h,v1.h):sat"
103,Q6_Vw_vdmpyacc_VwVhVh_sat,insn,int_round,Q6_Vw_vdmpyacc_VwVhVh_sat,"Vx32.w+=vdmpy(Vu32.h,Vv32.h):sat",60,__HVX_ARCH__ >= 73,w,V,h/h/w,int_a/int_b/int_c,128/128/128,128,1024,"v0.w += vdmpy(v1.h,v2.h):sat","v0.w += vdmpy(v1.h,v2.h):sat","v0.w += vdmpy(v1.h,v2.h):sat","v0.w += vdmpy(v1.h,v2.h):sat"
104,ieee.Q6_Vhf_vfmax_VhfVhf,ieee,ieee_form,Q6_Vhf_vfmax_VhfVhf,"Vd32.hf=vfmax(Vu32.hf,Vv32.hf)",68,__HVX_ARCH__ >= 73,hf,V,hf/hf/,hf_a/hf_b/none,128/128/0,128,4096,"v0.hf = vfmax(v0.hf,v1.hf)","v0.hf = vfmax(v0.hf,v1.hf)","v0.hf = vfmax(v0.hf,v1.hf)","v0.hf = vfmax(v0.hf,v1.hf)"
105,cc.Q6_Vhf_vfmax_VhfVhf,cc,ieee_form,Q6_Vhf_vfmax_VhfVhf,"Vd32.hf=vfmax(Vu32.hf,Vv32.hf)",68,__HVX_ARCH__ >= 73,hf,V,hf/hf/,hf_a/hf_b/none,128/128/0,128,4096,"v0.hf = vfmax(v0.hf,v1.hf)","v0.hf = vfmax(v0.hf,v1.hf)","v0.hf = vmax(v0.hf,v1.hf)","v0.hf = vmax(v0.hf,v1.hf)"
106,ieee.Q6_Vsf_vfmax_VsfVsf,ieee,ieee_form,Q6_Vsf_vfmax_VsfVsf,"Vd32.sf=vfmax(Vu32.sf,Vv32.sf)",68,__HVX_ARCH__ >= 73,sf,V,sf/sf/,sf_a/sf_b/none,128/128/0,128,4096,"v0.sf = vfmax(v0.sf,v1.sf)","v0.sf = vfmax(v0.sf,v1.sf)","v0.sf = vfmax(v0.sf,v1.sf)","v0.sf = vfmax(v0.sf,v1.sf)"
107,cc.Q6_Vsf_vfmax_VsfVsf,cc,ieee_form,Q6_Vsf_vfmax_VsfVsf,"Vd32.sf=vfmax(Vu32.sf,Vv32.sf)",68,__HVX_ARCH__ >= 73,sf,V,sf/sf/,sf_a/sf_b/none,128/128/0,128,4096,"v0.sf = vfmax(v0.sf,v1.sf)","v0.sf = vfmax(v0.sf,v1.sf)","v0.sf = vmax(v0.sf,v1.sf)","v0.sf = vmax(v0.sf,v1.sf)"
108,ieee.Q6_Vhf_vfmin_VhfVhf,ieee,ieee_form,Q6_Vhf_vfmin_VhfVhf,"Vd32.hf=vfmin(Vu32.hf,Vv32.hf)",68,__HVX_ARCH__ >= 73,hf,V,hf/hf/,hf_a/hf_b/none,128/128/0,128,4096,"v0.hf = vfmin(v0.hf,v1.hf)","v0.hf = vfmin(v0.hf,v1.hf)","v0.hf = vfmin(v0.hf,v1.hf)","v0.hf = vfmin(v0.hf,v1.hf)"
109,cc.Q6_Vhf_vfmin_VhfVhf,cc,ieee_form,Q6_Vhf_vfmin_VhfVhf,"Vd32.hf=vfmin(Vu32.hf,Vv32.hf)",68,__HVX_ARCH__ >= 73,hf,V,hf/hf/,hf_a/hf_b/none,128/128/0,128,4096,"v0.hf = vfmin(v0.hf,v1.hf)","v0.hf = vfmin(v0.hf,v1.hf)","v0.hf = vmin(v0.hf,v1.hf)","v0.hf = vmin(v0.hf,v1.hf)"
110,ieee.Q6_Vsf_vfmin_VsfVsf,ieee,ieee_form,Q6_Vsf_vfmin_VsfVsf,"Vd32.sf=vfmin(Vu32.sf,Vv32.sf)",68,__HVX_ARCH__ >= 73,sf,V,sf/sf/,sf_a/sf_b/none,128/128/0,128,4096,"v0.sf = vfmin(v0.sf,v1.sf)","v0.sf = vfmin(v0.sf,v1.sf)","v0.sf = vfmin(v0.sf,v1.sf)","v0.sf = vfmin(v0.sf,v1.sf)"
111,cc.Q6_Vsf_vfmin_VsfVsf,cc,ieee_form,Q6_Vsf_vfmin_VsfVsf,"Vd32.sf=vfmin(Vu32.sf,Vv32.sf)",68,__HVX_ARCH__ >= 73,sf,V,sf/sf/,sf_a/sf_b/none,128/128/0,128,4096,"v0.sf = vfmin(v0.sf,v1.sf)","v0.sf = vfmin(v0.sf,v1.sf)","v0.sf = vmin(v0.sf,v1.sf)","v0.sf = vmin(v0.sf,v1.sf)"
112,ieee.Q6_Vhf_vfneg_Vhf,ieee,ieee_form,Q6_Vhf_vfneg_Vhf,Vd32.hf=vfneg(Vu32.hf),68,__HVX_ARCH__ >= 73,hf,V,hf//,hf_a/none/none,128/0/0,128,4096,v0.hf = vfneg(v0.hf),v0.hf = vfneg(v0.hf),v0.hf = vfneg(v0.hf),v0.hf = vfneg(v0.hf)
113,cc.Q6_Vhf_vfneg_Vhf,cc,ieee_form,Q6_Vhf_vfneg_Vhf,Vd32.hf=vfneg(Vu32.hf),68,__HVX_ARCH__ >= 73,hf,V,hf//,hf_a/none/none,128/0/0,128,4096,v0.hf = vfneg(v0.hf),v0.hf = vfneg(v0.hf),"immext(#0x8000) ; r2 = ##0x8000 | v1.h = vsplat(r2) | v0 = vxor(v0,v1)",v1.qf16 = vneg(v0.hf) | v0.hf = v1.qf16
114,ieee.Q6_Vsf_vfneg_Vsf,ieee,ieee_form,Q6_Vsf_vfneg_Vsf,Vd32.sf=vfneg(Vu32.sf),68,__HVX_ARCH__ >= 73,sf,V,sf//,sf_a/none/none,128/0/0,128,4096,v0.sf = vfneg(v0.sf),v0.sf = vfneg(v0.sf),v0.sf = vfneg(v0.sf),v0.sf = vfneg(v0.sf)
115,cc.Q6_Vsf_vfneg_Vsf,cc,ieee_form,Q6_Vsf_vfneg_Vsf,Vd32.sf=vfneg(Vu32.sf),68,__HVX_ARCH__ >= 73,sf,V,sf//,sf_a/none/none,128/0/0,128,4096,v0.sf = vfneg(v0.sf),v0.sf = vfneg(v0.sf),"immext(#0x80000000) ; r2 = ##-0x80000000 | v1 = vsplat(r2) | v0 = vxor(v0,v1)",v1.qf32 = vneg(v0.sf) | v0.sf = v1.qf32
116,Q6_Q_vcmp_gt_VhfVhf,insn,fp_cmp,Q6_Q_vcmp_gt_VhfVhf,"Qd4=vcmp.gt(Vu32.hf,Vv32.hf)",68,__HVX_ARCH__ >= 73,,Q,hf/hf/,hf_a/hf_b/none,128/128/0,128,4096,"r2 = #-0x1 ; q0 = vcmp.gt(v0.hf,v1.hf) | v0 = vand(q0,r2)","r2 = #-0x1 ; q0 = vcmp.gt(v0.hf,v1.hf) | v0 = vand(q0,r2)","r2 = #-0x1 ; q0 = vcmp.gt(v0.hf,v1.hf) | v0 = vand(q0,r2)","r2 = #-0x1 ; q0 = vcmp.gt(v0.hf,v1.hf) | v0 = vand(q0,r2)"
117,Q6_Q_vcmp_gtand_QVhfVhf,insn,fp_cmp,Q6_Q_vcmp_gtand_QVhfVhf,"Qx4&=vcmp.gt(Vu32.hf,Vv32.hf)",68,__HVX_ARCH__ >= 73,,Q,hf/hf/pred,hf_a/hf_b/int_c,128/128/128,128,4096,"r2 = #-0x1 | q0 = vand(v0,r2) | q0 &= vcmp.gt(v1.hf,v2.hf) | v0 = vand(q0,r2)","r2 = #-0x1 | q0 = vand(v0,r2) | q0 &= vcmp.gt(v1.hf,v2.hf) | v0 = vand(q0,r2)","r2 = #-0x1 | q0 = vand(v0,r2) | q0 &= vcmp.gt(v1.hf,v2.hf) | v0 = vand(q0,r2)","r2 = #-0x1 | q0 = vand(v0,r2) | q0 &= vcmp.gt(v1.hf,v2.hf) | v0 = vand(q0,r2)"
118,Q6_Q_vcmp_gtor_QVhfVhf,insn,fp_cmp,Q6_Q_vcmp_gtor_QVhfVhf,"Qx4|=vcmp.gt(Vu32.hf,Vv32.hf)",68,__HVX_ARCH__ >= 73,,Q,hf/hf/pred,hf_a/hf_b/int_c,128/128/128,128,4096,"r2 = #-0x1 | q0 = vand(v0,r2) | q0 |= vcmp.gt(v1.hf,v2.hf) | v0 = vand(q0,r2)","r2 = #-0x1 | q0 = vand(v0,r2) | q0 |= vcmp.gt(v1.hf,v2.hf) | v0 = vand(q0,r2)","r2 = #-0x1 | q0 = vand(v0,r2) | q0 |= vcmp.gt(v1.hf,v2.hf) | v0 = vand(q0,r2)","r2 = #-0x1 | q0 = vand(v0,r2) | q0 |= vcmp.gt(v1.hf,v2.hf) | v0 = vand(q0,r2)"
119,Q6_Q_vcmp_gtxacc_QVhfVhf,insn,fp_cmp,Q6_Q_vcmp_gtxacc_QVhfVhf,"Qx4^=vcmp.gt(Vu32.hf,Vv32.hf)",68,__HVX_ARCH__ >= 73,,Q,hf/hf/pred,hf_a/hf_b/int_c,128/128/128,128,4096,"r2 = #-0x1 | q0 = vand(v0,r2) | q0 ^= vcmp.gt(v1.hf,v2.hf) | v0 = vand(q0,r2)","r2 = #-0x1 | q0 = vand(v0,r2) | q0 ^= vcmp.gt(v1.hf,v2.hf) | v0 = vand(q0,r2)","r2 = #-0x1 | q0 = vand(v0,r2) | q0 ^= vcmp.gt(v1.hf,v2.hf) | v0 = vand(q0,r2)","r2 = #-0x1 | q0 = vand(v0,r2) | q0 ^= vcmp.gt(v1.hf,v2.hf) | v0 = vand(q0,r2)"
120,Q6_Q_vcmp_gt_VsfVsf,insn,fp_cmp,Q6_Q_vcmp_gt_VsfVsf,"Qd4=vcmp.gt(Vu32.sf,Vv32.sf)",68,__HVX_ARCH__ >= 73,,Q,sf/sf/,sf_a/sf_b/none,128/128/0,128,4096,"r2 = #-0x1 ; q0 = vcmp.gt(v0.sf,v1.sf) | v0 = vand(q0,r2)","r2 = #-0x1 ; q0 = vcmp.gt(v0.sf,v1.sf) | v0 = vand(q0,r2)","r2 = #-0x1 ; q0 = vcmp.gt(v0.sf,v1.sf) | v0 = vand(q0,r2)","r2 = #-0x1 ; q0 = vcmp.gt(v0.sf,v1.sf) | v0 = vand(q0,r2)"
121,Q6_Q_vcmp_gtand_QVsfVsf,insn,fp_cmp,Q6_Q_vcmp_gtand_QVsfVsf,"Qx4&=vcmp.gt(Vu32.sf,Vv32.sf)",68,__HVX_ARCH__ >= 73,,Q,sf/sf/pred,sf_a/sf_b/int_c,128/128/128,128,4096,"r2 = #-0x1 | q0 = vand(v0,r2) | q0 &= vcmp.gt(v1.sf,v2.sf) | v0 = vand(q0,r2)","r2 = #-0x1 | q0 = vand(v0,r2) | q0 &= vcmp.gt(v1.sf,v2.sf) | v0 = vand(q0,r2)","r2 = #-0x1 | q0 = vand(v0,r2) | q0 &= vcmp.gt(v1.sf,v2.sf) | v0 = vand(q0,r2)","r2 = #-0x1 | q0 = vand(v0,r2) | q0 &= vcmp.gt(v1.sf,v2.sf) | v0 = vand(q0,r2)"
122,Q6_Q_vcmp_gtor_QVsfVsf,insn,fp_cmp,Q6_Q_vcmp_gtor_QVsfVsf,"Qx4|=vcmp.gt(Vu32.sf,Vv32.sf)",68,__HVX_ARCH__ >= 73,,Q,sf/sf/pred,sf_a/sf_b/int_c,128/128/128,128,4096,"r2 = #-0x1 | q0 = vand(v0,r2) | q0 |= vcmp.gt(v1.sf,v2.sf) | v0 = vand(q0,r2)","r2 = #-0x1 | q0 = vand(v0,r2) | q0 |= vcmp.gt(v1.sf,v2.sf) | v0 = vand(q0,r2)","r2 = #-0x1 | q0 = vand(v0,r2) | q0 |= vcmp.gt(v1.sf,v2.sf) | v0 = vand(q0,r2)","r2 = #-0x1 | q0 = vand(v0,r2) | q0 |= vcmp.gt(v1.sf,v2.sf) | v0 = vand(q0,r2)"
123,Q6_Q_vcmp_gtxacc_QVsfVsf,insn,fp_cmp,Q6_Q_vcmp_gtxacc_QVsfVsf,"Qx4^=vcmp.gt(Vu32.sf,Vv32.sf)",68,__HVX_ARCH__ >= 73,,Q,sf/sf/pred,sf_a/sf_b/int_c,128/128/128,128,4096,"r2 = #-0x1 | q0 = vand(v0,r2) | q0 ^= vcmp.gt(v1.sf,v2.sf) | v0 = vand(q0,r2)","r2 = #-0x1 | q0 = vand(v0,r2) | q0 ^= vcmp.gt(v1.sf,v2.sf) | v0 = vand(q0,r2)","r2 = #-0x1 | q0 = vand(v0,r2) | q0 ^= vcmp.gt(v1.sf,v2.sf) | v0 = vand(q0,r2)","r2 = #-0x1 | q0 = vand(v0,r2) | q0 ^= vcmp.gt(v1.sf,v2.sf) | v0 = vand(q0,r2)"
124,Q6_Vb_vlut32_VbVbR,insn,int_round,Q6_Vb_vlut32_VbVbR,"Vd32.b=vlut32(Vu32.b,Vv32.b,Rt8)",60,__HVX_ARCH__ >= 73,b,V,b/b/,int_a/int_b/int_c,128/128/128,128,1024,"v0.b = vlut32(v0.b,v1.b,r0)","v0.b = vlut32(v0.b,v1.b,r0)","v0.b = vlut32(v0.b,v1.b,r0)","v0.b = vlut32(v0.b,v1.b,r0)"
125,Q6_Vb_vlut32_VbVbR_nomatch,insn,int_round,Q6_Vb_vlut32_VbVbR_nomatch,"Vd32.b=vlut32(Vu32.b,Vv32.b,Rt8):nomatch",62,__HVX_ARCH__ >= 73,b,V,b/b/,int_a/int_b/int_c,128/128/128,128,1024,"v0.b = vlut32(v0.b,v1.b,r0):nomatch","v0.b = vlut32(v0.b,v1.b,r0):nomatch","v0.b = vlut32(v0.b,v1.b,r0):nomatch","v0.b = vlut32(v0.b,v1.b,r0):nomatch"
126,Q6_Vb_vlut32or_VbVbVbR,insn,int_round,Q6_Vb_vlut32or_VbVbVbR,"Vx32.b|=vlut32(Vu32.b,Vv32.b,Rt8)",60,__HVX_ARCH__ >= 73,b,V,b/b/b,int_a/int_b/int_c,128/128/128,128,1024,"v0.b |= vlut32(v1.b,v2.b,r0)","v0.b |= vlut32(v1.b,v2.b,r0)","v0.b |= vlut32(v1.b,v2.b,r0)","v0.b |= vlut32(v1.b,v2.b,r0)"
127,Q6_Vb_vlut32or_VbVbVbI_I0,insn,int_round,Q6_Vb_vlut32or_VbVbVbI,"Vx32.b|=vlut32(Vu32.b,Vv32.b,#u3)",62,__HVX_ARCH__ >= 73,b,V,b/b/b,int_a/int_b/int_c,128/128/128,128,1024,"v0.b |= vlut32(v1.b,v2.b,#0x0)","v0.b |= vlut32(v1.b,v2.b,#0x0)","v0.b |= vlut32(v1.b,v2.b,#0x0)","v0.b |= vlut32(v1.b,v2.b,#0x0)"
128,Q6_Vb_vlut32or_VbVbVbI_I1,insn,int_round,Q6_Vb_vlut32or_VbVbVbI,"Vx32.b|=vlut32(Vu32.b,Vv32.b,#u3)",62,__HVX_ARCH__ >= 73,b,V,b/b/b,int_a/int_b/int_c,128/128/128,128,1024,"v0.b |= vlut32(v1.b,v2.b,#0x1)","v0.b |= vlut32(v1.b,v2.b,#0x1)","v0.b |= vlut32(v1.b,v2.b,#0x1)","v0.b |= vlut32(v1.b,v2.b,#0x1)"
129,Q6_Vb_vlut32or_VbVbVbI_I7,insn,int_round,Q6_Vb_vlut32or_VbVbVbI,"Vx32.b|=vlut32(Vu32.b,Vv32.b,#u3)",62,__HVX_ARCH__ >= 73,b,V,b/b/b,int_a/int_b/int_c,128/128/128,128,1024,"v0.b |= vlut32(v1.b,v2.b,#0x7)","v0.b |= vlut32(v1.b,v2.b,#0x7)","v0.b |= vlut32(v1.b,v2.b,#0x7)","v0.b |= vlut32(v1.b,v2.b,#0x7)"
130,Q6_Vb_vlut32_VbVbI_I0,insn,int_round,Q6_Vb_vlut32_VbVbI,"Vd32.b=vlut32(Vu32.b,Vv32.b,#u3)",62,__HVX_ARCH__ >= 73,b,V,b/b/,int_a/int_b/none,128/128/0,128,1024,"v0.b = vlut32(v0.b,v1.b,#0x0)","v0.b = vlut32(v0.b,v1.b,#0x0)","v0.b = vlut32(v0.b,v1.b,#0x0)","v0.b = vlut32(v0.b,v1.b,#0x0)"
131,Q6_Vb_vlut32_VbVbI_I1,insn,int_round,Q6_Vb_vlut32_VbVbI,"Vd32.b=vlut32(Vu32.b,Vv32.b,#u3)",62,__HVX_ARCH__ >= 73,b,V,b/b/,int_a/int_b/none,128/128/0,128,1024,"v0.b = vlut32(v0.b,v1.b,#0x1)","v0.b = vlut32(v0.b,v1.b,#0x1)","v0.b = vlut32(v0.b,v1.b,#0x1)","v0.b = vlut32(v0.b,v1.b,#0x1)"
132,Q6_Vb_vlut32_VbVbI_I7,insn,int_round,Q6_Vb_vlut32_VbVbI,"Vd32.b=vlut32(Vu32.b,Vv32.b,#u3)",62,__HVX_ARCH__ >= 73,b,V,b/b/,int_a/int_b/none,128/128/0,128,1024,"v0.b = vlut32(v0.b,v1.b,#0x7)","v0.b = vlut32(v0.b,v1.b,#0x7)","v0.b = vlut32(v0.b,v1.b,#0x7)","v0.b = vlut32(v0.b,v1.b,#0x7)"
133,Q6_Wh_vlut16_VbVhR,insn,int_round,Q6_Wh_vlut16_VbVhR,"Vdd32.h=vlut16(Vu32.b,Vv32.h,Rt8)",60,__HVX_ARCH__ >= 73,h,W,b/h/,int_a/int_b/int_c,128/128/128,256,1024,"v1:0.h = vlut16(v0.b,v1.h,r0)","v1:0.h = vlut16(v0.b,v1.h,r0)","v1:0.h = vlut16(v0.b,v1.h,r0)","v1:0.h = vlut16(v0.b,v1.h,r0)"
134,Q6_Wh_vlut16_VbVhR_nomatch,insn,int_round,Q6_Wh_vlut16_VbVhR_nomatch,"Vdd32.h=vlut16(Vu32.b,Vv32.h,Rt8):nomatch",62,__HVX_ARCH__ >= 73,h,W,b/h/,int_a/int_b/int_c,128/128/128,256,1024,"v1:0.h = vlut16(v0.b,v1.h,r0):nomatch","v1:0.h = vlut16(v0.b,v1.h,r0):nomatch","v1:0.h = vlut16(v0.b,v1.h,r0):nomatch","v1:0.h = vlut16(v0.b,v1.h,r0):nomatch"
135,Q6_Wh_vlut16or_WhVbVhR,insn,int_round,Q6_Wh_vlut16or_WhVbVhR,"Vxx32.h|=vlut16(Vu32.b,Vv32.h,Rt8)",60,__HVX_ARCH__ >= 73,h,W,b/h/h,int_a/int_b/int_c,128/128/256,256,1024,"v1:0.h |= vlut16(v2.b,v3.h,r0)","v1:0.h |= vlut16(v2.b,v3.h,r0)","v1:0.h |= vlut16(v2.b,v3.h,r0)","v1:0.h |= vlut16(v2.b,v3.h,r0)"
136,Q6_Wh_vlut16or_WhVbVhI_I0,insn,int_round,Q6_Wh_vlut16or_WhVbVhI,"Vxx32.h|=vlut16(Vu32.b,Vv32.h,#u3)",62,__HVX_ARCH__ >= 73,h,W,b/h/h,int_a/int_b/int_c,128/128/256,256,1024,"v1:0.h |= vlut16(v2.b,v3.h,#0x0)","v1:0.h |= vlut16(v2.b,v3.h,#0x0)","v1:0.h |= vlut16(v2.b,v3.h,#0x0)","v1:0.h |= vlut16(v2.b,v3.h,#0x0)"
137,Q6_Wh_vlut16or_WhVbVhI_I1,insn,int_round,Q6_Wh_vlut16or_WhVbVhI,"Vxx32.h|=vlut16(Vu32.b,Vv32.h,#u3)",62,__HVX_ARCH__ >= 73,h,W,b/h/h,int_a/int_b/int_c,128/128/256,256,1024,"v1:0.h |= vlut16(v2.b,v3.h,#0x1)","v1:0.h |= vlut16(v2.b,v3.h,#0x1)","v1:0.h |= vlut16(v2.b,v3.h,#0x1)","v1:0.h |= vlut16(v2.b,v3.h,#0x1)"
138,Q6_Wh_vlut16or_WhVbVhI_I7,insn,int_round,Q6_Wh_vlut16or_WhVbVhI,"Vxx32.h|=vlut16(Vu32.b,Vv32.h,#u3)",62,__HVX_ARCH__ >= 73,h,W,b/h/h,int_a/int_b/int_c,128/128/256,256,1024,"v1:0.h |= vlut16(v2.b,v3.h,#0x7)","v1:0.h |= vlut16(v2.b,v3.h,#0x7)","v1:0.h |= vlut16(v2.b,v3.h,#0x7)","v1:0.h |= vlut16(v2.b,v3.h,#0x7)"
139,Q6_Wh_vlut16_VbVhI_I0,insn,int_round,Q6_Wh_vlut16_VbVhI,"Vdd32.h=vlut16(Vu32.b,Vv32.h,#u3)",62,__HVX_ARCH__ >= 73,h,W,b/h/,int_a/int_b/none,128/128/0,256,1024,"v1:0.h = vlut16(v0.b,v1.h,#0x0)","v1:0.h = vlut16(v0.b,v1.h,#0x0)","v1:0.h = vlut16(v0.b,v1.h,#0x0)","v1:0.h = vlut16(v0.b,v1.h,#0x0)"
140,Q6_Wh_vlut16_VbVhI_I1,insn,int_round,Q6_Wh_vlut16_VbVhI,"Vdd32.h=vlut16(Vu32.b,Vv32.h,#u3)",62,__HVX_ARCH__ >= 73,h,W,b/h/,int_a/int_b/none,128/128/0,256,1024,"v1:0.h = vlut16(v0.b,v1.h,#0x1)","v1:0.h = vlut16(v0.b,v1.h,#0x1)","v1:0.h = vlut16(v0.b,v1.h,#0x1)","v1:0.h = vlut16(v0.b,v1.h,#0x1)"
141,Q6_Wh_vlut16_VbVhI_I7,insn,int_round,Q6_Wh_vlut16_VbVhI,"Vdd32.h=vlut16(Vu32.b,Vv32.h,#u3)",62,__HVX_ARCH__ >= 73,h,W,b/h/,int_a/int_b/none,128/128/0,256,1024,"v1:0.h = vlut16(v0.b,v1.h,#0x7)","v1:0.h = vlut16(v0.b,v1.h,#0x7)","v1:0.h = vlut16(v0.b,v1.h,#0x7)","v1:0.h = vlut16(v0.b,v1.h,#0x7)"
142,Q6_Vhf_vmax_VhfVhf,insn,ieee_form,Q6_Vhf_vmax_VhfVhf,"Vd32.hf=vmax(Vu32.hf,Vv32.hf)",68,__HVX_ARCH__ >= 73,hf,V,hf/hf/,hf_a/hf_b/none,128/128/0,128,4096,"v0.hf = vmax(v0.hf,v1.hf)","v0.hf = vmax(v0.hf,v1.hf)","v0.hf = vmax(v0.hf,v1.hf)","v0.hf = vmax(v0.hf,v1.hf)"
143,Q6_Vsf_vmax_VsfVsf,insn,ieee_form,Q6_Vsf_vmax_VsfVsf,"Vd32.sf=vmax(Vu32.sf,Vv32.sf)",68,__HVX_ARCH__ >= 73,sf,V,sf/sf/,sf_a/sf_b/none,128/128/0,128,4096,"v0.sf = vmax(v0.sf,v1.sf)","v0.sf = vmax(v0.sf,v1.sf)","v0.sf = vmax(v0.sf,v1.sf)","v0.sf = vmax(v0.sf,v1.sf)"
144,Q6_Vhf_vmin_VhfVhf,insn,ieee_form,Q6_Vhf_vmin_VhfVhf,"Vd32.hf=vmin(Vu32.hf,Vv32.hf)",68,__HVX_ARCH__ >= 73,hf,V,hf/hf/,hf_a/hf_b/none,128/128/0,128,4096,"v0.hf = vmin(v0.hf,v1.hf)","v0.hf = vmin(v0.hf,v1.hf)","v0.hf = vmin(v0.hf,v1.hf)","v0.hf = vmin(v0.hf,v1.hf)"
145,Q6_Vsf_vmin_VsfVsf,insn,ieee_form,Q6_Vsf_vmin_VsfVsf,"Vd32.sf=vmin(Vu32.sf,Vv32.sf)",68,__HVX_ARCH__ >= 73,sf,V,sf/sf/,sf_a/sf_b/none,128/128/0,128,4096,"v0.sf = vmin(v0.sf,v1.sf)","v0.sf = vmin(v0.sf,v1.sf)","v0.sf = vmin(v0.sf,v1.sf)","v0.sf = vmin(v0.sf,v1.sf)"
146,Q6_Wh_vmpa_WubRb,insn,int_round,Q6_Wh_vmpa_WubRb,"Vdd32.h=vmpa(Vuu32.ub,Rt32.b)",60,__HVX_ARCH__ >= 73,h,W,ub/b/,int_a/int_b/none,256/128/0,256,1024,"v1:0.h = vmpa(v1:0.ub,r0.b)","v1:0.h = vmpa(v1:0.ub,r0.b)","v1:0.h = vmpa(v1:0.ub,r0.b)","v1:0.h = vmpa(v1:0.ub,r0.b)"
147,Q6_Wh_vmpaacc_WhWubRb,insn,int_round,Q6_Wh_vmpaacc_WhWubRb,"Vxx32.h+=vmpa(Vuu32.ub,Rt32.b)",60,__HVX_ARCH__ >= 73,h,W,ub/b/h,int_a/int_b/int_c,256/128/256,256,1024,"v1:0.h += vmpa(v3:2.ub,r0.b)","v1:0.h += vmpa(v3:2.ub,r0.b)","v1:0.h += vmpa(v3:2.ub,r0.b)","v1:0.h += vmpa(v3:2.ub,r0.b)"
148,Q6_Wh_vmpa_WubWb,insn,int_round,Q6_Wh_vmpa_WubWb,"Vdd32.h=vmpa(Vuu32.ub,Vvv32.b)",60,__HVX_ARCH__ >= 73,h,W,ub/b/,int_a/int_b/none,256/256/0,256,1024,"v1:0.h = vmpa(v1:0.ub,v3:2.b)","v1:0.h = vmpa(v1:0.ub,v3:2.b)","v1:0.h = vmpa(v1:0.ub,v3:2.b)","v1:0.h = vmpa(v1:0.ub,v3:2.b)"
149,Q6_Wh_vmpa_WubRub,insn,int_round,Q6_Wh_vmpa_WubRub,"Vdd32.h=vmpa(Vuu32.ub,Rt32.ub)",65,__HVX_ARCH__ >= 73,h,W,ub/ub/,int_a/int_b/none,256/128/0,256,1024,"v1:0.h = vmpa(v1:0.ub,r0.ub)","v1:0.h = vmpa(v1:0.ub,r0.ub)","v1:0.h = vmpa(v1:0.ub,r0.ub)","v1:0.h = vmpa(v1:0.ub,r0.ub)"
150,Q6_Wh_vmpaacc_WhWubRub,insn,int_round,Q6_Wh_vmpaacc_WhWubRub,"Vxx32.h+=vmpa(Vuu32.ub,Rt32.ub)",65,__HVX_ARCH__ >= 73,h,W,ub/ub/h,int_a/int_b/int_c,256/128/256,256,1024,"v1:0.h += vmpa(v3:2.ub,r0.ub)","v1:0.h += vmpa(v3:2.ub,r0.ub)","v1:0.h += vmpa(v3:2.ub,r0.ub)","v1:0.h += vmpa(v3:2.ub,r0.ub)"
151,Q6_Wh_vmpa_WubWub,insn,int_round,Q6_Wh_vmpa_WubWub,"Vdd32.h=vmpa(Vuu32.ub,Vvv32.ub)",60,__HVX_ARCH__ >= 73,h,W,ub/ub/,int_a/int_b/none,256/256/0,256,1024,"v1:0.h = vmpa(v1:0.ub,v3:2.ub)","v1:0.h = vmpa(v1:0.ub,v3:2.ub)","v1:0.h = vmpa(v1:0.ub,v3:2.ub)","v1:0.h = vmpa(v1:0.ub,v3:2.ub)"
152,Q6_Ww_vmpa_WhRb,insn,int_round,Q6_Ww_vmpa_WhRb,"Vdd32.w=vmpa(Vuu32.h,Rt32.b)",60,__HVX_ARCH__ >= 73,w,W,h/b/,int_a/int_b/none,256/128/0,256,1024,"v1:0.w = vmpa(v1:0.h,r0.b)","v1:0.w = vmpa(v1:0.h,r0.b)","v1:0.w = vmpa(v1:0.h,r0.b)","v1:0.w = vmpa(v1:0.h,r0.b)"
153,Q6_Ww_vmpaacc_WwWhRb,insn,int_round,Q6_Ww_vmpaacc_WwWhRb,"Vxx32.w+=vmpa(Vuu32.h,Rt32.b)",60,__HVX_ARCH__ >= 73,w,W,h/b/w,int_a/int_b/int_c,256/128/256,256,1024,"v1:0.w += vmpa(v3:2.h,r0.b)","v1:0.w += vmpa(v3:2.h,r0.b)","v1:0.w += vmpa(v3:2.h,r0.b)","v1:0.w += vmpa(v3:2.h,r0.b)"
154,Q6_Vh_vmpa_VhVhVhPh_sat,insn,int_round,Q6_Vh_vmpa_VhVhVhPh_sat,"Vx32.h=vmpa(Vx32.h,Vu32.h,Rtt32.h):sat",65,__HVX_ARCH__ >= 73,h,V,h/h/h,int_a/int_b/int_c,128/128/128,128,1024,"v0.h = vmpa(v0.h,v1.h,r1:0.h):sat","v0.h = vmpa(v0.h,v1.h,r1:0.h):sat","v0.h = vmpa(v0.h,v1.h,r1:0.h):sat","v0.h = vmpa(v0.h,v1.h,r1:0.h):sat"
155,Q6_Ww_vmpa_WuhRb,insn,int_round,Q6_Ww_vmpa_WuhRb,"Vdd32.w=vmpa(Vuu32.uh,Rt32.b)",62,__HVX_ARCH__ >= 73,w,W,uh/b/,int_a/int_b/none,256/128/0,256,1024,"v1:0.w = vmpa(v1:0.uh,r0.b)","v1:0.w = vmpa(v1:0.uh,r0.b)","v1:0.w = vmpa(v1:0.uh,r0.b)","v1:0.w = vmpa(v1:0.uh,r0.b)"
156,Q6_Ww_vmpaacc_WwWuhRb,insn,int_round,Q6_Ww_vmpaacc_WwWuhRb,"Vxx32.w+=vmpa(Vuu32.uh,Rt32.b)",62,__HVX_ARCH__ >= 73,w,W,uh/b/w,int_a/int_b/int_c,256/128/256,256,1024,"v1:0.w += vmpa(v3:2.uh,r0.b)","v1:0.w += vmpa(v3:2.uh,r0.b)","v1:0.w += vmpa(v3:2.uh,r0.b)","v1:0.w += vmpa(v3:2.uh,r0.b)"
157,Q6_Vh_vmpa_VhVhVuhPuh_sat,insn,int_round,Q6_Vh_vmpa_VhVhVuhPuh_sat,"Vx32.h=vmpa(Vx32.h,Vu32.uh,Rtt32.uh):sat",65,__HVX_ARCH__ >= 73,h,V,uh/uh/h,int_a/int_b/int_c,128/128/128,128,1024,"v0.h = vmpa(v0.h,v1.uh,r1:0.uh):sat","v0.h = vmpa(v0.h,v1.uh,r1:0.uh):sat","v0.h = vmpa(v0.h,v1.uh,r1:0.uh):sat","v0.h = vmpa(v0.h,v1.uh,r1:0.uh):sat"
158,Q6_Vh_vmps_VhVhVuhPuh_sat,insn,int_round,Q6_Vh_vmps_VhVhVuhPuh_sat,"Vx32.h=vmps(Vx32.h,Vu32.uh,Rtt32.uh):sat",65,__HVX_ARCH__ >= 73,h,V,uh/uh/h,int_a/int_b/int_c,128/128/128,128,1024,"v0.h = vmps(v0.h,v1.uh,r1:0.uh):sat","v0.h = vmps(v0.h,v1.uh,r1:0.uh):sat","v0.h = vmps(v0.h,v1.uh,r1:0.uh):sat","v0.h = vmps(v0.h,v1.uh,r1:0.uh):sat"
159,ieee.Q6_Vhf_vmpy_VhfVhf,ieee,ieee_form,Q6_Vhf_vmpy_VhfVhf,"Vd32.hf=vmpy(Vu32.hf,Vv32.hf)",68,__HVX_ARCH__ >= 73,hf,V,hf/hf/,hf_a/hf_b/none,128/128/0,128,4096,"v0.hf = vmpy(v0.hf,v1.hf)","v0.hf = vmpy(v0.hf,v1.hf)","v0.hf = vmpy(v0.hf,v1.hf)","v0.hf = vmpy(v0.hf,v1.hf)"
160,cc.Q6_Vhf_vmpy_VhfVhf,cc,ieee_form,Q6_Vhf_vmpy_VhfVhf,"Vd32.hf=vmpy(Vu32.hf,Vv32.hf)",68,__HVX_ARCH__ >= 73,hf,V,hf/hf/,hf_a/hf_b/none,128/128/0,128,4096,"v0.hf = vmpy(v0.hf,v1.hf)","v0.hf = vmpy(v0.hf,v1.hf)","v1:0.qf32 = vmpy(v0.hf,v1.hf) | v0.hf = v1:0.qf32","v1:0.qf32 = vmpy(v0.hf,v1.hf) | v0.hf = v1:0.qf32"
161,ieee.Q6_Vhf_vmpyacc_VhfVhfVhf,ieee,ieee_form,Q6_Vhf_vmpyacc_VhfVhfVhf,"Vx32.hf+=vmpy(Vu32.hf,Vv32.hf)",68,__HVX_ARCH__ >= 73,hf,V,hf/hf/hf,hf_a/hf_b/hf_c,128/128/128,128,4096,"v0.hf += vmpy(v1.hf,v2.hf)","v0.hf += vmpy(v1.hf,v2.hf)","v0.hf += vmpy(v1.hf,v2.hf)","v0.hf += vmpy(v1.hf,v2.hf)"
162,cc.Q6_Vhf_vmpyacc_VhfVhfVhf,cc,ieee_form,Q6_Vhf_vmpyacc_VhfVhfVhf,"Vx32.hf+=vmpy(Vu32.hf,Vv32.hf)",68,__HVX_ARCH__ >= 73,hf,V,hf/hf/hf,hf_a/hf_b/hf_c,128/128/128,128,4096,"v0.hf += vmpy(v1.hf,v2.hf)","v0.hf += vmpy(v1.hf,v2.hf)","v3:2.qf32 = vmpy(v1.hf,v2.hf) ; r2 = #0x3c00 | v4.h = vsplat(r2) | v29:28.qf32 = vmpy(v0.hf,v4.hf) | v4.qf32 = vadd(v28.qf32,v2.qf32) ; v5.qf32 = vadd(v29.qf32,v3.qf32) | v0.hf = v5:4.qf32","v3:2.qf32 = vmpy(v1.hf,v2.hf) ; r2 = #0x3c00 | v4.h = vsplat(r2) | v31:30.qf32 = vmpy(v0.hf,v4.hf) | v4.qf32 = vadd(v30.qf32,v2.qf32) ; v5.qf32 = vadd(v31.qf32,v3.qf32) | v0.hf = v5:4.qf32"
163,Q6_Vqf16_vmpy_Vqf16Vqf16,insn,qf_arith,Q6_Vqf16_vmpy_Vqf16Vqf16,"Vd32.qf16=vmpy(Vu32.qf16,Vv32.qf16)",68,__HVX_ARCH__ >= 73,qf16,V,qf16/qf16/,qf16_a/qf16_b/none,128/128/0,128,4096,"v0.qf16 = vmpy(v0.qf16,v1.qf16)","v0.qf16 = vmpy(v0.qf16,v1.qf16)","v0.qf16 = vmpy(v0.qf16,v1.qf16)","v0.qf16 = vmpy(v0.qf16,v1.qf16)"
164,Q6_Vqf16_vmpy_VhfVhf,insn,qf_arith,Q6_Vqf16_vmpy_VhfVhf,"Vd32.qf16=vmpy(Vu32.hf,Vv32.hf)",68,__HVX_ARCH__ >= 73,qf16,V,hf/hf/,hf_a/hf_b/none,128/128/0,128,4096,"v0.qf16 = vmpy(v0.hf,v1.hf)","v0.qf16 = vmpy(v0.hf,v1.hf)","v0.qf16 = vmpy(v0.hf,v1.hf)","v0.qf16 = vmpy(v0.hf,v1.hf)"
165,Q6_Vqf16_vmpy_Vqf16Vhf,insn,qf_arith,Q6_Vqf16_vmpy_Vqf16Vhf,"Vd32.qf16=vmpy(Vu32.qf16,Vv32.hf)",68,__HVX_ARCH__ >= 73,qf16,V,qf16/hf/,qf16_a/hf_b/none,128/128/0,128,4096,"v0.qf16 = vmpy(v0.qf16,v1.hf)","v0.qf16 = vmpy(v0.qf16,v1.hf)","v0.qf16 = vmpy(v0.qf16,v1.hf)","v0.qf16 = vmpy(v0.qf16,v1.hf)"
166,Q6_Vqf32_vmpy_Vqf32Vqf32,insn,qf_arith,Q6_Vqf32_vmpy_Vqf32Vqf32,"Vd32.qf32=vmpy(Vu32.qf32,Vv32.qf32)",68,__HVX_ARCH__ >= 73,qf32,V,qf32/qf32/,qf32_a/qf32_b/none,128/128/0,128,4096,"v0.qf32 = vmpy(v0.qf32,v1.qf32)","v0.qf32 = vmpy(v0.qf32,v1.qf32)","v0.qf32 = vmpy(v0.qf32,v1.qf32)","v0.qf32 = vmpy(v0.qf32,v1.qf32)"
167,Q6_Wqf32_vmpy_VhfVhf,insn,qf_arith,Q6_Wqf32_vmpy_VhfVhf,"Vdd32.qf32=vmpy(Vu32.hf,Vv32.hf)",68,__HVX_ARCH__ >= 73,qf32,W,hf/hf/,hf_a/hf_b/none,128/128/0,256,4096,"v1:0.qf32 = vmpy(v0.hf,v1.hf)","v1:0.qf32 = vmpy(v0.hf,v1.hf)","v1:0.qf32 = vmpy(v0.hf,v1.hf)","v1:0.qf32 = vmpy(v0.hf,v1.hf)"
168,Q6_Wqf32_vmpy_Vqf16Vhf,insn,qf_arith,Q6_Wqf32_vmpy_Vqf16Vhf,"Vdd32.qf32=vmpy(Vu32.qf16,Vv32.hf)",68,__HVX_ARCH__ >= 73,qf32,W,qf16/hf/,qf16_a/hf_b/none,128/128/0,256,4096,"v1:0.qf32 = vmpy(v0.qf16,v1.hf)","v1:0.qf32 = vmpy(v0.qf16,v1.hf)","v1:0.qf32 = vmpy(v0.qf16,v1.hf)","v1:0.qf32 = vmpy(v0.qf16,v1.hf)"
169,Q6_Wqf32_vmpy_Vqf16Vqf16,insn,qf_arith,Q6_Wqf32_vmpy_Vqf16Vqf16,"Vdd32.qf32=vmpy(Vu32.qf16,Vv32.qf16)",68,__HVX_ARCH__ >= 73,qf32,W,qf16/qf16/,qf16_a/qf16_b/none,128/128/0,256,4096,"v1:0.qf32 = vmpy(v0.qf16,v1.qf16)","v1:0.qf32 = vmpy(v0.qf16,v1.qf16)","v1:0.qf32 = vmpy(v0.qf16,v1.qf16)","v1:0.qf32 = vmpy(v0.qf16,v1.qf16)"
170,Q6_Vqf32_vmpy_VsfVsf,insn,qf_arith,Q6_Vqf32_vmpy_VsfVsf,"Vd32.qf32=vmpy(Vu32.sf,Vv32.sf)",68,__HVX_ARCH__ >= 73,qf32,V,sf/sf/,sf_a/sf_b/none,128/128/0,128,4096,"v0.qf32 = vmpy(v0.sf,v1.sf)","v0.qf32 = vmpy(v0.sf,v1.sf)","v0.qf32 = vmpy(v0.sf,v1.sf)","v0.qf32 = vmpy(v0.sf,v1.sf)"
171,ieee.Q6_Wsf_vmpy_VhfVhf,ieee,ieee_form,Q6_Wsf_vmpy_VhfVhf,"Vdd32.sf=vmpy(Vu32.hf,Vv32.hf)",68,__HVX_ARCH__ >= 73,sf,W,hf/hf/,hf_a/hf_b/none,128/128/0,256,4096,"v1:0.sf = vmpy(v0.hf,v1.hf)","v1:0.sf = vmpy(v0.hf,v1.hf)","v1:0.sf = vmpy(v0.hf,v1.hf)","v1:0.sf = vmpy(v0.hf,v1.hf)"
172,cc.Q6_Wsf_vmpy_VhfVhf,cc,ieee_form,Q6_Wsf_vmpy_VhfVhf,"Vdd32.sf=vmpy(Vu32.hf,Vv32.hf)",68,__HVX_ARCH__ >= 73,sf,W,hf/hf/,hf_a/hf_b/none,128/128/0,256,4096,"v1:0.sf = vmpy(v0.hf,v1.hf)","v1:0.sf = vmpy(v0.hf,v1.hf)","v3:2.qf32 = vmpy(v0.hf,v1.hf) | v0.sf = v2.qf32 ; v1.sf = v3.qf32","v3:2.qf32 = vmpy(v0.hf,v1.hf) | v0.sf = v2.qf32 ; v1.sf = v3.qf32"
173,ieee.Q6_Wsf_vmpyacc_WsfVhfVhf,ieee,ieee_form,Q6_Wsf_vmpyacc_WsfVhfVhf,"Vxx32.sf+=vmpy(Vu32.hf,Vv32.hf)",68,__HVX_ARCH__ >= 73,sf,W,hf/hf/sf,hf_a/hf_b/sf_c,128/128/256,256,2048,"v1:0.sf += vmpy(v2.hf,v3.hf)","v1:0.sf += vmpy(v2.hf,v3.hf)","v1:0.sf += vmpy(v2.hf,v3.hf)","v1:0.sf += vmpy(v2.hf,v3.hf)"
174,cc.Q6_Wsf_vmpyacc_WsfVhfVhf,cc,ieee_form,Q6_Wsf_vmpyacc_WsfVhfVhf,"Vxx32.sf+=vmpy(Vu32.hf,Vv32.hf)",68,__HVX_ARCH__ >= 73,sf,W,hf/hf/sf,hf_a/hf_b/sf_c,128/128/256,256,2048,"v1:0.sf += vmpy(v2.hf,v3.hf)","v1:0.sf += vmpy(v2.hf,v3.hf)","v3:2.qf32 = vmpy(v2.hf,v3.hf) | v0.qf32 = vadd(v2.qf32,v0.sf) ; v1.qf32 = vadd(v3.qf32,v1.sf) | v0.sf = v0.qf32 ; v1.sf = v1.qf32","v3:2.qf32 = vmpy(v2.hf,v3.hf) | v0.qf32 = vadd(v2.qf32,v0.sf) ; v1.qf32 = vadd(v3.qf32,v1.sf) | v0.sf = v0.qf32 ; v1.sf = v1.qf32"
175,ieee.Q6_Vsf_vmpy_VsfVsf,ieee,ieee_form,Q6_Vsf_vmpy_VsfVsf,"Vd32.sf=vmpy(Vu32.sf,Vv32.sf)",68,__HVX_ARCH__ >= 73,sf,V,sf/sf/,sf_a/sf_b/none,128/128/0,128,4096,"v0.sf = vmpy(v0.sf,v1.sf)","v0.sf = vmpy(v0.sf,v1.sf)","v0.sf = vmpy(v0.sf,v1.sf)","v0.sf = vmpy(v0.sf,v1.sf)"
176,cc.Q6_Vsf_vmpy_VsfVsf,cc,ieee_form,Q6_Vsf_vmpy_VsfVsf,"Vd32.sf=vmpy(Vu32.sf,Vv32.sf)",68,__HVX_ARCH__ >= 73,sf,V,sf/sf/,sf_a/sf_b/none,128/128/0,128,4096,"v0.sf = vmpy(v0.sf,v1.sf)","v0.sf = vmpy(v0.sf,v1.sf)","v2.qf32 = vmpy(v0.sf,v1.sf) | v0.sf = v2.qf32","v2.qf32 = vmpy(v0.sf,v1.sf) | v0.sf = v2.qf32"
177,Q6_Ww_vmpyacc_WwVhRh_sat,insn,int_round,Q6_Ww_vmpyacc_WwVhRh_sat,"Vxx32.w+=vmpy(Vu32.h,Rt32.h):sat",60,__HVX_ARCH__ >= 73,w,W,h/h/w,int_a/int_b/int_c,128/128/256,256,1024,"v1:0.w += vmpy(v2.h,r0.h):sat","v1:0.w += vmpy(v2.h,r0.h):sat","v1:0.w += vmpy(v2.h,r0.h):sat","v1:0.w += vmpy(v2.h,r0.h):sat"
178,Q6_Vh_vmpy_VhRh_s1_rnd_sat,insn,int_round,Q6_Vh_vmpy_VhRh_s1_rnd_sat,"Vd32.h=vmpy(Vu32.h,Rt32.h):<<1:rnd:sat",60,__HVX_ARCH__ >= 73,h,V,h/h/,int_a/int_b/none,128/128/0,128,1024,"v0.h = vmpy(v0.h,r0.h):<<1:rnd:sat","v0.h = vmpy(v0.h,r0.h):<<1:rnd:sat","v0.h = vmpy(v0.h,r0.h):<<1:rnd:sat","v0.h = vmpy(v0.h,r0.h):<<1:rnd:sat"
179,Q6_Vh_vmpy_VhRh_s1_sat,insn,int_round,Q6_Vh_vmpy_VhRh_s1_sat,"Vd32.h=vmpy(Vu32.h,Rt32.h):<<1:sat",60,__HVX_ARCH__ >= 73,h,V,h/h/,int_a/int_b/none,128/128/0,128,1024,"v0.h = vmpy(v0.h,r0.h):<<1:sat","v0.h = vmpy(v0.h,r0.h):<<1:sat","v0.h = vmpy(v0.h,r0.h):<<1:sat","v0.h = vmpy(v0.h,r0.h):<<1:sat"
180,Q6_Vh_vmpy_VhVh_s1_rnd_sat,insn,int_round,Q6_Vh_vmpy_VhVh_s1_rnd_sat,"Vd32.h=vmpy(Vu32.h,Vv32.h):<<1:rnd:sat",60,__HVX_ARCH__ >= 73,h,V,h/h/,int_a/int_b/none,128/128/0,128,1024,"v0.h = vmpy(v0.h,v1.h):<<1:rnd:sat","v0.h = vmpy(v0.h,v1.h):<<1:rnd:sat","v0.h = vmpy(v0.h,v1.h):<<1:rnd:sat","v0.h = vmpy(v0.h,v1.h):<<1:rnd:sat"
181,Q6_Vw_vmpyo_VwVh_s1_sat,insn,int_round,Q6_Vw_vmpyo_VwVh_s1_sat,"Vd32.w=vmpyo(Vu32.w,Vv32.h):<<1:sat",60,__HVX_ARCH__ >= 73,w,V,w/h/,int_a/int_b/none,128/128/0,128,1024,"v0.w = vmpyo(v0.w,v1.h):<<1:sat","v0.w = vmpyo(v0.w,v1.h):<<1:sat","v0.w = vmpyo(v0.w,v1.h):<<1:sat","v0.w = vmpyo(v0.w,v1.h):<<1:sat"
182,Q6_Vw_vmpyo_VwVh_s1_rnd_sat,insn,int_round,Q6_Vw_vmpyo_VwVh_s1_rnd_sat,"Vd32.w=vmpyo(Vu32.w,Vv32.h):<<1:rnd:sat",60,__HVX_ARCH__ >= 73,w,V,w/h/,int_a/int_b/none,128/128/0,128,1024,"v0.w = vmpyo(v0.w,v1.h):<<1:rnd:sat","v0.w = vmpyo(v0.w,v1.h):<<1:rnd:sat","v0.w = vmpyo(v0.w,v1.h):<<1:rnd:sat","v0.w = vmpyo(v0.w,v1.h):<<1:rnd:sat"
183,Q6_Vw_vmpyoacc_VwVwVh_s1_rnd_sat_shift,insn,int_round,Q6_Vw_vmpyoacc_VwVwVh_s1_rnd_sat_shift,"Vx32.w+=vmpyo(Vu32.w,Vv32.h):<<1:rnd:sat:shift",60,__HVX_ARCH__ >= 73,w,V,w/h/w,int_a/int_b/int_c,128/128/128,128,1024,"v0.w += vmpyo(v1.w,v2.h):<<1:rnd:sat:shift","v0.w += vmpyo(v1.w,v2.h):<<1:rnd:sat:shift","v0.w += vmpyo(v1.w,v2.h):<<1:rnd:sat:shift","v0.w += vmpyo(v1.w,v2.h):<<1:rnd:sat:shift"
184,Q6_Vw_vmpyoacc_VwVwVh_s1_sat_shift,insn,int_round,Q6_Vw_vmpyoacc_VwVwVh_s1_sat_shift,"Vx32.w+=vmpyo(Vu32.w,Vv32.h):<<1:sat:shift",60,__HVX_ARCH__ >= 73,w,V,w/h/w,int_a/int_b/int_c,128/128/128,128,1024,"v0.w += vmpyo(v1.w,v2.h):<<1:sat:shift","v0.w += vmpyo(v1.w,v2.h):<<1:sat:shift","v0.w += vmpyo(v1.w,v2.h):<<1:sat:shift","v0.w += vmpyo(v1.w,v2.h):<<1:sat:shift"
185,Q6_Vh_vnormamt_Vh,insn,int_round,Q6_Vh_vnormamt_Vh,Vd32.h=vnormamt(Vu32.h),60,__HVX_ARCH__ >= 73,h,V,h//,int_a/none/none,128/0/0,128,1024,v0.h = vnormamt(v0.h),v0.h = vnormamt(v0.h),v0.h = vnormamt(v0.h),v0.h = vnormamt(v0.h)
186,Q6_Vw_vnormamt_Vw,insn,int_round,Q6_Vw_vnormamt_Vw,Vd32.w=vnormamt(Vu32.w),60,__HVX_ARCH__ >= 73,w,V,w//,int_a/none/none,128/0/0,128,1024,v0.w = vnormamt(v0.w),v0.w = vnormamt(v0.w),v0.w = vnormamt(v0.w),v0.w = vnormamt(v0.w)
187,Q6_Vb_vpack_VhVh_sat,insn,int_round,Q6_Vb_vpack_VhVh_sat,"Vd32.b=vpack(Vu32.h,Vv32.h):sat",60,__HVX_ARCH__ >= 73,b,V,h/h/,int_a/int_b/none,128/128/0,128,1024,"v0.b = vpack(v0.h,v1.h):sat","v0.b = vpack(v0.h,v1.h):sat","v0.b = vpack(v0.h,v1.h):sat","v0.b = vpack(v0.h,v1.h):sat"
188,Q6_Vub_vpack_VhVh_sat,insn,int_round,Q6_Vub_vpack_VhVh_sat,"Vd32.ub=vpack(Vu32.h,Vv32.h):sat",60,__HVX_ARCH__ >= 73,ub,V,h/h/,int_a/int_b/none,128/128/0,128,1024,"v0.ub = vpack(v0.h,v1.h):sat","v0.ub = vpack(v0.h,v1.h):sat","v0.ub = vpack(v0.h,v1.h):sat","v0.ub = vpack(v0.h,v1.h):sat"
189,Q6_Vh_vpack_VwVw_sat,insn,int_round,Q6_Vh_vpack_VwVw_sat,"Vd32.h=vpack(Vu32.w,Vv32.w):sat",60,__HVX_ARCH__ >= 73,h,V,w/w/,int_a/int_b/none,128/128/0,128,1024,"v0.h = vpack(v0.w,v1.w):sat","v0.h = vpack(v0.w,v1.w):sat","v0.h = vpack(v0.w,v1.w):sat","v0.h = vpack(v0.w,v1.w):sat"
190,Q6_Vuh_vpack_VwVw_sat,insn,int_round,Q6_Vuh_vpack_VwVw_sat,"Vd32.uh=vpack(Vu32.w,Vv32.w):sat",60,__HVX_ARCH__ >= 73,uh,V,w/w/,int_a/int_b/none,128/128/0,128,1024,"v0.uh = vpack(v0.w,v1.w):sat","v0.uh = vpack(v0.w,v1.w):sat","v0.uh = vpack(v0.w,v1.w):sat","v0.uh = vpack(v0.w,v1.w):sat"
191,Q6_Vw_vrmpy_VubRb,insn,int_round,Q6_Vw_vrmpy_VubRb,"Vd32.w=vrmpy(Vu32.ub,Rt32.b)",60,__HVX_ARCH__ >= 73,w,V,ub/b/,int_a/int_b/none,128/128/0,128,1024,"v0.w = vrmpy(v0.ub,r0.b)","v0.w = vrmpy(v0.ub,r0.b)","v0.w = vrmpy(v0.ub,r0.b)","v0.w = vrmpy(v0.ub,r0.b)"
192,Q6_Vw_vrmpyacc_VwVubRb,insn,int_round,Q6_Vw_vrmpyacc_VwVubRb,"Vx32.w+=vrmpy(Vu32.ub,Rt32.b)",60,__HVX_ARCH__ >= 73,w,V,ub/b/w,int_a/int_b/int_c,128/128/128,128,1024,"v0.w += vrmpy(v1.ub,r0.b)","v0.w += vrmpy(v1.ub,r0.b)","v0.w += vrmpy(v1.ub,r0.b)","v0.w += vrmpy(v1.ub,r0.b)"
193,Q6_Ww_vrmpy_WubRbI_I0,insn,int_round,Q6_Ww_vrmpy_WubRbI,"Vdd32.w=vrmpy(Vuu32.ub,Rt32.b,#u1)",60,__HVX_ARCH__ >= 73,w,W,ub/b/,int_a/int_b/none,256/128/0,256,1024,"v1:0.w = vrmpy(v1:0.ub,r0.b,#0x0)","v1:0.w = vrmpy(v1:0.ub,r0.b,#0x0)","v1:0.w = vrmpy(v1:0.ub,r0.b,#0x0)","v1:0.w = vrmpy(v1:0.ub,r0.b,#0x0)"
194,Q6_Ww_vrmpy_WubRbI_I1,insn,int_round,Q6_Ww_vrmpy_WubRbI,"Vdd32.w=vrmpy(Vuu32.ub,Rt32.b,#u1)",60,__HVX_ARCH__ >= 73,w,W,ub/b/,int_a/int_b/none,256/128/0,256,1024,"v1:0.w = vrmpy(v1:0.ub,r0.b,#0x1)","v1:0.w = vrmpy(v1:0.ub,r0.b,#0x1)","v1:0.w = vrmpy(v1:0.ub,r0.b,#0x1)","v1:0.w = vrmpy(v1:0.ub,r0.b,#0x1)"
195,Q6_Ww_vrmpyacc_WwWubRbI_I0,insn,int_round,Q6_Ww_vrmpyacc_WwWubRbI,"Vxx32.w+=vrmpy(Vuu32.ub,Rt32.b,#u1)",60,__HVX_ARCH__ >= 73,w,W,ub/b/w,int_a/int_b/int_c,256/128/256,256,1024,"v1:0.w += vrmpy(v3:2.ub,r0.b,#0x0)","v1:0.w += vrmpy(v3:2.ub,r0.b,#0x0)","v1:0.w += vrmpy(v3:2.ub,r0.b,#0x0)","v1:0.w += vrmpy(v3:2.ub,r0.b,#0x0)"
196,Q6_Ww_vrmpyacc_WwWubRbI_I1,insn,int_round,Q6_Ww_vrmpyacc_WwWubRbI,"Vxx32.w+=vrmpy(Vuu32.ub,Rt32.b,#u1)",60,__HVX_ARCH__ >= 73,w,W,ub/b/w,int_a/int_b/int_c,256/128/256,256,1024,"v1:0.w += vrmpy(v3:2.ub,r0.b,#0x1)","v1:0.w += vrmpy(v3:2.ub,r0.b,#0x1)","v1:0.w += vrmpy(v3:2.ub,r0.b,#0x1)","v1:0.w += vrmpy(v3:2.ub,r0.b,#0x1)"
197,Q6_Vw_vrmpy_VubVb,insn,int_round,Q6_Vw_vrmpy_VubVb,"Vd32.w=vrmpy(Vu32.ub,Vv32.b)",60,__HVX_ARCH__ >= 73,w,V,ub/b/,int_a/int_b/none,128/128/0,128,1024,"v0.w = vrmpy(v0.ub,v1.b)","v0.w = vrmpy(v0.ub,v1.b)","v0.w = vrmpy(v0.ub,v1.b)","v0.w = vrmpy(v0.ub,v1.b)"
198,Q6_Vw_vrmpyacc_VwVubVb,insn,int_round,Q6_Vw_vrmpyacc_VwVubVb,"Vx32.w+=vrmpy(Vu32.ub,Vv32.b)",60,__HVX_ARCH__ >= 73,w,V,ub/b/w,int_a/int_b/int_c,128/128/128,128,1024,"v0.w += vrmpy(v1.ub,v2.b)","v0.w += vrmpy(v1.ub,v2.b)","v0.w += vrmpy(v1.ub,v2.b)","v0.w += vrmpy(v1.ub,v2.b)"
199,Q6_Vw_vrmpy_VbVb,insn,int_round,Q6_Vw_vrmpy_VbVb,"Vd32.w=vrmpy(Vu32.b,Vv32.b)",60,__HVX_ARCH__ >= 73,w,V,b/b/,int_a/int_b/none,128/128/0,128,1024,"v0.w = vrmpy(v0.b,v1.b)","v0.w = vrmpy(v0.b,v1.b)","v0.w = vrmpy(v0.b,v1.b)","v0.w = vrmpy(v0.b,v1.b)"
200,Q6_Vw_vrmpyacc_VwVbVb,insn,int_round,Q6_Vw_vrmpyacc_VwVbVb,"Vx32.w+=vrmpy(Vu32.b,Vv32.b)",60,__HVX_ARCH__ >= 73,w,V,b/b/w,int_a/int_b/int_c,128/128/128,128,1024,"v0.w += vrmpy(v1.b,v2.b)","v0.w += vrmpy(v1.b,v2.b)","v0.w += vrmpy(v1.b,v2.b)","v0.w += vrmpy(v1.b,v2.b)"
201,Q6_Vuw_vrmpy_VubRub,insn,int_round,Q6_Vuw_vrmpy_VubRub,"Vd32.uw=vrmpy(Vu32.ub,Rt32.ub)",60,__HVX_ARCH__ >= 73,uw,V,ub/ub/,int_a/int_b/none,128/128/0,128,1024,"v0.uw = vrmpy(v0.ub,r0.ub)","v0.uw = vrmpy(v0.ub,r0.ub)","v0.uw = vrmpy(v0.ub,r0.ub)","v0.uw = vrmpy(v0.ub,r0.ub)"
202,Q6_Vuw_vrmpyacc_VuwVubRub,insn,int_round,Q6_Vuw_vrmpyacc_VuwVubRub,"Vx32.uw+=vrmpy(Vu32.ub,Rt32.ub)",60,__HVX_ARCH__ >= 73,uw,V,ub/ub/uw,int_a/int_b/int_c,128/128/128,128,1024,"v0.uw += vrmpy(v1.ub,r0.ub)","v0.uw += vrmpy(v1.ub,r0.ub)","v0.uw += vrmpy(v1.ub,r0.ub)","v0.uw += vrmpy(v1.ub,r0.ub)"
203,Q6_Wuw_vrmpy_WubRubI_I0,insn,int_round,Q6_Wuw_vrmpy_WubRubI,"Vdd32.uw=vrmpy(Vuu32.ub,Rt32.ub,#u1)",60,__HVX_ARCH__ >= 73,uw,W,ub/ub/,int_a/int_b/none,256/128/0,256,1024,"v1:0.uw = vrmpy(v1:0.ub,r0.ub,#0x0)","v1:0.uw = vrmpy(v1:0.ub,r0.ub,#0x0)","v1:0.uw = vrmpy(v1:0.ub,r0.ub,#0x0)","v1:0.uw = vrmpy(v1:0.ub,r0.ub,#0x0)"
204,Q6_Wuw_vrmpy_WubRubI_I1,insn,int_round,Q6_Wuw_vrmpy_WubRubI,"Vdd32.uw=vrmpy(Vuu32.ub,Rt32.ub,#u1)",60,__HVX_ARCH__ >= 73,uw,W,ub/ub/,int_a/int_b/none,256/128/0,256,1024,"v1:0.uw = vrmpy(v1:0.ub,r0.ub,#0x1)","v1:0.uw = vrmpy(v1:0.ub,r0.ub,#0x1)","v1:0.uw = vrmpy(v1:0.ub,r0.ub,#0x1)","v1:0.uw = vrmpy(v1:0.ub,r0.ub,#0x1)"
205,Q6_Wuw_vrmpyacc_WuwWubRubI_I0,insn,int_round,Q6_Wuw_vrmpyacc_WuwWubRubI,"Vxx32.uw+=vrmpy(Vuu32.ub,Rt32.ub,#u1)",60,__HVX_ARCH__ >= 73,uw,W,ub/ub/uw,int_a/int_b/int_c,256/128/256,256,1024,"v1:0.uw += vrmpy(v3:2.ub,r0.ub,#0x0)","v1:0.uw += vrmpy(v3:2.ub,r0.ub,#0x0)","v1:0.uw += vrmpy(v3:2.ub,r0.ub,#0x0)","v1:0.uw += vrmpy(v3:2.ub,r0.ub,#0x0)"
206,Q6_Wuw_vrmpyacc_WuwWubRubI_I1,insn,int_round,Q6_Wuw_vrmpyacc_WuwWubRubI,"Vxx32.uw+=vrmpy(Vuu32.ub,Rt32.ub,#u1)",60,__HVX_ARCH__ >= 73,uw,W,ub/ub/uw,int_a/int_b/int_c,256/128/256,256,1024,"v1:0.uw += vrmpy(v3:2.ub,r0.ub,#0x1)","v1:0.uw += vrmpy(v3:2.ub,r0.ub,#0x1)","v1:0.uw += vrmpy(v3:2.ub,r0.ub,#0x1)","v1:0.uw += vrmpy(v3:2.ub,r0.ub,#0x1)"
207,Q6_Vuw_vrmpy_VubVub,insn,int_round,Q6_Vuw_vrmpy_VubVub,"Vd32.uw=vrmpy(Vu32.ub,Vv32.ub)",60,__HVX_ARCH__ >= 73,uw,V,ub/ub/,int_a/int_b/none,128/128/0,128,1024,"v0.uw = vrmpy(v0.ub,v1.ub)","v0.uw = vrmpy(v0.ub,v1.ub)","v0.uw = vrmpy(v0.ub,v1.ub)","v0.uw = vrmpy(v0.ub,v1.ub)"
208,Q6_Vuw_vrmpyacc_VuwVubVub,insn,int_round,Q6_Vuw_vrmpyacc_VuwVubVub,"Vx32.uw+=vrmpy(Vu32.ub,Vv32.ub)",60,__HVX_ARCH__ >= 73,uw,V,ub/ub/uw,int_a/int_b/int_c,128/128/128,128,1024,"v0.uw += vrmpy(v1.ub,v2.ub)","v0.uw += vrmpy(v1.ub,v2.ub)","v0.uw += vrmpy(v1.ub,v2.ub)","v0.uw += vrmpy(v1.ub,v2.ub)"
209,Q6_Vb_vround_VhVh_sat,insn,int_round,Q6_Vb_vround_VhVh_sat,"Vd32.b=vround(Vu32.h,Vv32.h):sat",60,__HVX_ARCH__ >= 73,b,V,h/h/,int_a/int_b/none,128/128/0,128,1024,"v0.b = vround(v0.h,v1.h):sat","v0.b = vround(v0.h,v1.h):sat","v0.b = vround(v0.h,v1.h):sat","v0.b = vround(v0.h,v1.h):sat"
210,Q6_Vub_vround_VhVh_sat,insn,int_round,Q6_Vub_vround_VhVh_sat,"Vd32.ub=vround(Vu32.h,Vv32.h):sat",60,__HVX_ARCH__ >= 73,ub,V,h/h/,int_a/int_b/none,128/128/0,128,1024,"v0.ub = vround(v0.h,v1.h):sat","v0.ub = vround(v0.h,v1.h):sat","v0.ub = vround(v0.h,v1.h):sat","v0.ub = vround(v0.h,v1.h):sat"
211,Q6_Vub_vround_VuhVuh_sat,insn,int_round,Q6_Vub_vround_VuhVuh_sat,"Vd32.ub=vround(Vu32.uh,Vv32.uh):sat",62,__HVX_ARCH__ >= 73,ub,V,uh/uh/,int_a/int_b/none,128/128/0,128,1024,"v0.ub = vround(v0.uh,v1.uh):sat","v0.ub = vround(v0.uh,v1.uh):sat","v0.ub = vround(v0.uh,v1.uh):sat","v0.ub = vround(v0.uh,v1.uh):sat"
212,Q6_Vuh_vround_VuwVuw_sat,insn,int_round,Q6_Vuh_vround_VuwVuw_sat,"Vd32.uh=vround(Vu32.uw,Vv32.uw):sat",62,__HVX_ARCH__ >= 73,uh,V,uw/uw/,int_a/int_b/none,128/128/0,128,1024,"v0.uh = vround(v0.uw,v1.uw):sat","v0.uh = vround(v0.uw,v1.uw):sat","v0.uh = vround(v0.uw,v1.uw):sat","v0.uh = vround(v0.uw,v1.uw):sat"
213,Q6_Vh_vround_VwVw_sat,insn,int_round,Q6_Vh_vround_VwVw_sat,"Vd32.h=vround(Vu32.w,Vv32.w):sat",60,__HVX_ARCH__ >= 73,h,V,w/w/,int_a/int_b/none,128/128/0,128,1024,"v0.h = vround(v0.w,v1.w):sat","v0.h = vround(v0.w,v1.w):sat","v0.h = vround(v0.w,v1.w):sat","v0.h = vround(v0.w,v1.w):sat"
214,Q6_Vuh_vround_VwVw_sat,insn,int_round,Q6_Vuh_vround_VwVw_sat,"Vd32.uh=vround(Vu32.w,Vv32.w):sat",60,__HVX_ARCH__ >= 73,uh,V,w/w/,int_a/int_b/none,128/128/0,128,1024,"v0.uh = vround(v0.w,v1.w):sat","v0.uh = vround(v0.w,v1.w):sat","v0.uh = vround(v0.w,v1.w):sat","v0.uh = vround(v0.w,v1.w):sat"
215,Q6_Vqf16_vsub_VhfVhf,insn,qf_arith,Q6_Vqf16_vsub_VhfVhf,"Vd32.qf16=vsub(Vu32.hf,Vv32.hf)",68,__HVX_ARCH__ >= 73,qf16,V,hf/hf/,hf_a/hf_b/none,128/128/0,128,4096,"v0.qf16 = vsub(v0.hf,v1.hf)","v0.qf16 = vsub(v0.hf,v1.hf)","v0.qf16 = vsub(v0.hf,v1.hf)","v0.qf16 = vsub(v0.hf,v1.hf)"
216,ieee.Q6_Vhf_vsub_VhfVhf,ieee,ieee_form,Q6_Vhf_vsub_VhfVhf,"Vd32.hf=vsub(Vu32.hf,Vv32.hf)",68,__HVX_ARCH__ >= 73,hf,V,hf/hf/,hf_a/hf_b/none,128/128/0,128,4096,"v0.hf = vsub(v0.hf,v1.hf)","v0.hf = vsub(v0.hf,v1.hf)","v0.hf = vsub(v0.hf,v1.hf)","v0.hf = vsub(v0.hf,v1.hf)"
217,cc.Q6_Vhf_vsub_VhfVhf,cc,ieee_form,Q6_Vhf_vsub_VhfVhf,"Vd32.hf=vsub(Vu32.hf,Vv32.hf)",68,__HVX_ARCH__ >= 73,hf,V,hf/hf/,hf_a/hf_b/none,128/128/0,128,4096,"v0.hf = vsub(v0.hf,v1.hf)","v0.hf = vsub(v0.hf,v1.hf)","v2.qf16 = vsub(v0.hf,v1.hf) | v0.hf = v2.qf16","v2.qf16 = vsub(v0.hf,v1.hf) | v0.hf = v2.qf16"
218,Q6_Vqf16_vsub_Vqf16Vqf16,insn,qf_arith,Q6_Vqf16_vsub_Vqf16Vqf16,"Vd32.qf16=vsub(Vu32.qf16,Vv32.qf16)",68,__HVX_ARCH__ >= 73,qf16,V,qf16/qf16/,qf16_a/qf16_b/none,128/128/0,128,4096,"v0.qf16 = vsub(v0.qf16,v1.qf16)","v0.qf16 = vsub(v0.qf16,v1.qf16)","v0.qf16 = vsub(v0.qf16,v1.qf16)","v0.qf16 = vsub(v0.qf16,v1.qf16)"
219,Q6_Vqf16_vsub_Vqf16Vhf,insn,qf_arith,Q6_Vqf16_vsub_Vqf16Vhf,"Vd32.qf16=vsub(Vu32.qf16,Vv32.hf)",68,__HVX_ARCH__ >= 73,qf16,V,qf16/hf/,qf16_a/hf_b/none,128/128/0,128,4096,"v0.qf16 = vsub(v0.qf16,v1.hf)","v0.qf16 = vsub(v0.qf16,v1.hf)","v0.qf16 = vsub(v0.qf16,v1.hf)","v0.qf16 = vsub(v0.qf16,v1.hf)"
220,Q6_Vqf32_vsub_Vqf32Vqf32,insn,qf_arith,Q6_Vqf32_vsub_Vqf32Vqf32,"Vd32.qf32=vsub(Vu32.qf32,Vv32.qf32)",68,__HVX_ARCH__ >= 73,qf32,V,qf32/qf32/,qf32_a/qf32_b/none,128/128/0,128,4096,"v0.qf32 = vsub(v0.qf32,v1.qf32)","v0.qf32 = vsub(v0.qf32,v1.qf32)","v0.qf32 = vsub(v0.qf32,v1.qf32)","v0.qf32 = vsub(v0.qf32,v1.qf32)"
221,Q6_Vqf32_vsub_Vqf32Vsf,insn,qf_arith,Q6_Vqf32_vsub_Vqf32Vsf,"Vd32.qf32=vsub(Vu32.qf32,Vv32.sf)",68,__HVX_ARCH__ >= 73,qf32,V,qf32/sf/,qf32_a/sf_b/none,128/128/0,128,4096,"v0.qf32 = vsub(v0.qf32,v1.sf)","v0.qf32 = vsub(v0.qf32,v1.sf)","v0.qf32 = vsub(v0.qf32,v1.sf)","v0.qf32 = vsub(v0.qf32,v1.sf)"
222,Q6_Vqf32_vsub_VsfVsf,insn,qf_arith,Q6_Vqf32_vsub_VsfVsf,"Vd32.qf32=vsub(Vu32.sf,Vv32.sf)",68,__HVX_ARCH__ >= 73,qf32,V,sf/sf/,sf_a/sf_b/none,128/128/0,128,4096,"v0.qf32 = vsub(v0.sf,v1.sf)","v0.qf32 = vsub(v0.sf,v1.sf)","v0.qf32 = vsub(v0.sf,v1.sf)","v0.qf32 = vsub(v0.sf,v1.sf)"
223,ieee.Q6_Wsf_vsub_VhfVhf,ieee,ieee_form,Q6_Wsf_vsub_VhfVhf,"Vdd32.sf=vsub(Vu32.hf,Vv32.hf)",68,__HVX_ARCH__ >= 73,sf,W,hf/hf/,hf_a/hf_b/none,128/128/0,256,4096,"v1:0.sf = vsub(v0.hf,v1.hf)","v1:0.sf = vsub(v0.hf,v1.hf)","v1:0.sf = vsub(v0.hf,v1.hf)","v1:0.sf = vsub(v0.hf,v1.hf)"
224,cc.Q6_Wsf_vsub_VhfVhf,cc,ieee_form,Q6_Wsf_vsub_VhfVhf,"Vdd32.sf=vsub(Vu32.hf,Vv32.hf)",68,__HVX_ARCH__ >= 73,sf,W,hf/hf/,hf_a/hf_b/none,128/128/0,256,4096,"v1:0.sf = vsub(v0.hf,v1.hf)","v1:0.sf = vsub(v0.hf,v1.hf)","r2 = #0x3c00 | v2.h = vsplat(r2) | v5:4.qf32 = vmpy(v1.hf,v2.hf) | v29:28.qf32 = vmpy(v0.hf,v2.hf) | v4.qf32 = vsub(v28.qf32,v4.qf32) ; v3.qf32 = vsub(v29.qf32,v5.qf32) | v0.sf = v4.qf32 ; v1.sf = v3.qf32","r2 = #0x3c00 | v2.h = vsplat(r2) | v5:4.qf32 = vmpy(v1.hf,v2.hf) | v31:30.qf32 = vmpy(v0.hf,v2.hf) | v4.qf32 = vsub(v30.qf32,v4.qf32) ; v3.qf32 = vsub(v31.qf32,v5.qf32) | v0.sf = v4.qf32 ; v1.sf = v3.qf32"
225,ieee.Q6_Vsf_vsub_VsfVsf,ieee,ieee_form,Q6_Vsf_vsub_VsfVsf,"Vd32.sf=vsub(Vu32.sf,Vv32.sf)",68,__HVX_ARCH__ >= 73,sf,V,sf/sf/,sf_a/sf_b/none,128/128/0,128,4096,"v0.sf = vsub(v0.sf,v1.sf)","v0.sf = vsub(v0.sf,v1.sf)","v0.sf = vsub(v0.sf,v1.sf)","v0.sf = vsub(v0.sf,v1.sf)"
226,cc.Q6_Vsf_vsub_VsfVsf,cc,ieee_form,Q6_Vsf_vsub_VsfVsf,"Vd32.sf=vsub(Vu32.sf,Vv32.sf)",68,__HVX_ARCH__ >= 73,sf,V,sf/sf/,sf_a/sf_b/none,128/128/0,128,4096,"v0.sf = vsub(v0.sf,v1.sf)","v0.sf = vsub(v0.sf,v1.sf)","v2.qf32 = vsub(v0.sf,v1.sf) | v0.sf = v2.qf32","v2.qf32 = vsub(v0.sf,v1.sf) | v0.sf = v2.qf32"
227,Q6_Vb_vsub_VbVb_sat,insn,int_round,Q6_Vb_vsub_VbVb_sat,"Vd32.b=vsub(Vu32.b,Vv32.b):sat",62,__HVX_ARCH__ >= 73,b,V,b/b/,int_a/int_b/none,128/128/0,128,1024,"v0.b = vsub(v0.b,v1.b):sat","v0.b = vsub(v0.b,v1.b):sat","v0.b = vsub(v0.b,v1.b):sat","v0.b = vsub(v0.b,v1.b):sat"
228,Q6_Wb_vsub_WbWb_sat,insn,int_round,Q6_Wb_vsub_WbWb_sat,"Vdd32.b=vsub(Vuu32.b,Vvv32.b):sat",62,__HVX_ARCH__ >= 73,b,W,b/b/,int_a/int_b/none,256/256/0,256,1024,"v1:0.b = vsub(v1:0.b,v3:2.b):sat","v1:0.b = vsub(v1:0.b,v3:2.b):sat","v1:0.b = vsub(v1:0.b,v3:2.b):sat","v1:0.b = vsub(v1:0.b,v3:2.b):sat"
229,Q6_Vh_vsub_VhVh_sat,insn,int_round,Q6_Vh_vsub_VhVh_sat,"Vd32.h=vsub(Vu32.h,Vv32.h):sat",60,__HVX_ARCH__ >= 73,h,V,h/h/,int_a/int_b/none,128/128/0,128,1024,"v0.h = vsub(v0.h,v1.h):sat","v0.h = vsub(v0.h,v1.h):sat","v0.h = vsub(v0.h,v1.h):sat","v0.h = vsub(v0.h,v1.h):sat"
230,Q6_Wh_vsub_WhWh_sat,insn,int_round,Q6_Wh_vsub_WhWh_sat,"Vdd32.h=vsub(Vuu32.h,Vvv32.h):sat",60,__HVX_ARCH__ >= 73,h,W,h/h/,int_a/int_b/none,256/256/0,256,1024,"v1:0.h = vsub(v1:0.h,v3:2.h):sat","v1:0.h = vsub(v1:0.h,v3:2.h):sat","v1:0.h = vsub(v1:0.h,v3:2.h):sat","v1:0.h = vsub(v1:0.h,v3:2.h):sat"
231,Q6_Vub_vsub_VubVub_sat,insn,int_round,Q6_Vub_vsub_VubVub_sat,"Vd32.ub=vsub(Vu32.ub,Vv32.ub):sat",60,__HVX_ARCH__ >= 73,ub,V,ub/ub/,int_a/int_b/none,128/128/0,128,1024,"v0.ub = vsub(v0.ub,v1.ub):sat","v0.ub = vsub(v0.ub,v1.ub):sat","v0.ub = vsub(v0.ub,v1.ub):sat","v0.ub = vsub(v0.ub,v1.ub):sat"
232,Q6_Wub_vsub_WubWub_sat,insn,int_round,Q6_Wub_vsub_WubWub_sat,"Vdd32.ub=vsub(Vuu32.ub,Vvv32.ub):sat",60,__HVX_ARCH__ >= 73,ub,W,ub/ub/,int_a/int_b/none,256/256/0,256,1024,"v1:0.ub = vsub(v1:0.ub,v3:2.ub):sat","v1:0.ub = vsub(v1:0.ub,v3:2.ub):sat","v1:0.ub = vsub(v1:0.ub,v3:2.ub):sat","v1:0.ub = vsub(v1:0.ub,v3:2.ub):sat"
233,Q6_Vub_vsub_VubVb_sat,insn,int_round,Q6_Vub_vsub_VubVb_sat,"Vd32.ub=vsub(Vu32.ub,Vv32.b):sat",62,__HVX_ARCH__ >= 73,ub,V,ub/b/,int_a/int_b/none,128/128/0,128,1024,"v0.ub = vsub(v0.ub,v1.b):sat","v0.ub = vsub(v0.ub,v1.b):sat","v0.ub = vsub(v0.ub,v1.b):sat","v0.ub = vsub(v0.ub,v1.b):sat"
234,Q6_Vuh_vsub_VuhVuh_sat,insn,int_round,Q6_Vuh_vsub_VuhVuh_sat,"Vd32.uh=vsub(Vu32.uh,Vv32.uh):sat",60,__HVX_ARCH__ >= 73,uh,V,uh/uh/,int_a/int_b/none,128/128/0,128,1024,"v0.uh = vsub(v0.uh,v1.uh):sat","v0.uh = vsub(v0.uh,v1.uh):sat","v0.uh = vsub(v0.uh,v1.uh):sat","v0.uh = vsub(v0.uh,v1.uh):sat"
235,Q6_Wuh_vsub_WuhWuh_sat,insn,int_round,Q6_Wuh_vsub_WuhWuh_sat,"Vdd32.uh=vsub(Vuu32.uh,Vvv32.uh):sat",60,__HVX_ARCH__ >= 73,uh,W,uh/uh/,int_a/int_b/none,256/256/0,256,1024,"v1:0.uh = vsub(v1:0.uh,v3:2.uh):sat","v1:0.uh = vsub(v1:0.uh,v3:2.uh):sat","v1:0.uh = vsub(v1:0.uh,v3:2.uh):sat","v1:0.uh = vsub(v1:0.uh,v3:2.uh):sat"
236,Q6_Vuw_vsub_VuwVuw_sat,insn,int_round,Q6_Vuw_vsub_VuwVuw_sat,"Vd32.uw=vsub(Vu32.uw,Vv32.uw):sat",62,__HVX_ARCH__ >= 73,uw,V,uw/uw/,int_a/int_b/none,128/128/0,128,1024,"v0.uw = vsub(v0.uw,v1.uw):sat","v0.uw = vsub(v0.uw,v1.uw):sat","v0.uw = vsub(v0.uw,v1.uw):sat","v0.uw = vsub(v0.uw,v1.uw):sat"
237,Q6_Wuw_vsub_WuwWuw_sat,insn,int_round,Q6_Wuw_vsub_WuwWuw_sat,"Vdd32.uw=vsub(Vuu32.uw,Vvv32.uw):sat",62,__HVX_ARCH__ >= 73,uw,W,uw/uw/,int_a/int_b/none,256/256/0,256,1024,"v1:0.uw = vsub(v1:0.uw,v3:2.uw):sat","v1:0.uw = vsub(v1:0.uw,v3:2.uw):sat","v1:0.uw = vsub(v1:0.uw,v3:2.uw):sat","v1:0.uw = vsub(v1:0.uw,v3:2.uw):sat"
238,Q6_Vw_vsub_VwVw_sat,insn,int_round,Q6_Vw_vsub_VwVw_sat,"Vd32.w=vsub(Vu32.w,Vv32.w):sat",60,__HVX_ARCH__ >= 73,w,V,w/w/,int_a/int_b/none,128/128/0,128,1024,"v0.w = vsub(v0.w,v1.w):sat","v0.w = vsub(v0.w,v1.w):sat","v0.w = vsub(v0.w,v1.w):sat","v0.w = vsub(v0.w,v1.w):sat"
239,Q6_Ww_vsub_WwWw_sat,insn,int_round,Q6_Ww_vsub_WwWw_sat,"Vdd32.w=vsub(Vuu32.w,Vvv32.w):sat",60,__HVX_ARCH__ >= 73,w,W,w/w/,int_a/int_b/none,256/256/0,256,1024,"v1:0.w = vsub(v1:0.w,v3:2.w):sat","v1:0.w = vsub(v1:0.w,v3:2.w):sat","v1:0.w = vsub(v1:0.w,v3:2.w):sat","v1:0.w = vsub(v1:0.w,v3:2.w):sat"
240,Q6_Vub_vasr_WuhVub_rnd_sat,insn,int_round,Q6_Vub_vasr_WuhVub_rnd_sat,"Vd32.ub=vasr(Vuu32.uh,Vv32.ub):rnd:sat",69,__HVX_ARCH__ >= 73,ub,V,uh/ub/,int_a/int_b/none,256/128/0,128,1024,"v0.ub = vasr(v1:0.uh,v2.ub):rnd:sat","v0.ub = vasr(v1:0.uh,v2.ub):rnd:sat","v0.ub = vasr(v1:0.uh,v2.ub):rnd:sat","v0.ub = vasr(v1:0.uh,v2.ub):rnd:sat"
241,Q6_Vub_vasr_WuhVub_sat,insn,int_round,Q6_Vub_vasr_WuhVub_sat,"Vd32.ub=vasr(Vuu32.uh,Vv32.ub):sat",69,__HVX_ARCH__ >= 73,ub,V,uh/ub/,int_a/int_b/none,256/128/0,128,1024,"v0.ub = vasr(v1:0.uh,v2.ub):sat","v0.ub = vasr(v1:0.uh,v2.ub):sat","v0.ub = vasr(v1:0.uh,v2.ub):sat","v0.ub = vasr(v1:0.uh,v2.ub):sat"
242,Q6_Vuh_vasr_WwVuh_rnd_sat,insn,int_round,Q6_Vuh_vasr_WwVuh_rnd_sat,"Vd32.uh=vasr(Vuu32.w,Vv32.uh):rnd:sat",69,__HVX_ARCH__ >= 73,uh,V,w/uh/,int_a/int_b/none,256/128/0,128,1024,"v0.uh = vasr(v1:0.w,v2.uh):rnd:sat","v0.uh = vasr(v1:0.w,v2.uh):rnd:sat","v0.uh = vasr(v1:0.w,v2.uh):rnd:sat","v0.uh = vasr(v1:0.w,v2.uh):rnd:sat"
243,Q6_Vuh_vasr_WwVuh_sat,insn,int_round,Q6_Vuh_vasr_WwVuh_sat,"Vd32.uh=vasr(Vuu32.w,Vv32.uh):sat",69,__HVX_ARCH__ >= 73,uh,V,w/uh/,int_a/int_b/none,256/128/0,128,1024,"v0.uh = vasr(v1:0.w,v2.uh):sat","v0.uh = vasr(v1:0.w,v2.uh):sat","v0.uh = vasr(v1:0.w,v2.uh):sat","v0.uh = vasr(v1:0.w,v2.uh):sat"
244,ieee.Q6_Wsf_vadd_VbfVbf,ieee,bf16,Q6_Wsf_vadd_VbfVbf,"Vdd32.sf=vadd(Vu32.bf,Vv32.bf)",73,__HVX_ARCH__ >= 73,sf,W,bf/bf/,bf_a/bf_b/none,128/128/0,256,4096,"v1:0.sf = vadd(v0.bf,v1.bf)","v1:0.sf = vadd(v0.bf,v1.bf)","v1:0.sf = vadd(v0.bf,v1.bf)","v1:0.sf = vadd(v0.bf,v1.bf)"
245,Q6_Vh_equals_Vhf,insn,int_float_conv,Q6_Vh_equals_Vhf,Vd32.h=Vu32.hf,73,__HVX_ARCH__ >= 73,h,V,hf//,hf_a/none/none,128/0/0,128,4096,v0.h = v0.hf,v0.h = v0.hf,v0.h = v0.hf,v0.h = v0.hf
246,Q6_Vhf_equals_Vh,insn,int_float_conv,Q6_Vhf_equals_Vh,Vd32.hf=Vu32.h,73,__HVX_ARCH__ >= 73,hf,V,h//,seq16/none/none,128/0/0,128,4096,v0.hf = v0.h,v0.hf = v0.h,v0.hf = v0.h,v0.hf = v0.h
247,Q6_Vsf_equals_Vw,insn,int_float_conv,Q6_Vsf_equals_Vw,Vd32.sf=Vu32.w,73,__HVX_ARCH__ >= 73,sf,V,w//,wconv/none/none,128/0/0,128,4096,v0.sf = v0.w,v0.sf = v0.w,v0.sf = v0.w,v0.sf = v0.w
248,Q6_Vw_equals_Vsf,insn,int_float_conv,Q6_Vw_equals_Vsf,Vd32.w=Vu32.sf,73,__HVX_ARCH__ >= 73,w,V,sf//,sf_a/none/none,128/0/0,128,4096,v0.w = v0.sf,v0.w = v0.sf,v0.w = v0.sf,v0.w = v0.sf
249,ieee.Q6_Vbf_vcvt_VsfVsf,ieee,bf16,Q6_Vbf_vcvt_VsfVsf,"Vd32.bf=vcvt(Vu32.sf,Vv32.sf)",73,__HVX_ARCH__ >= 73,bf,V,sf/sf/,sf_a/sf_b/none,128/128/0,128,4096,"v0.bf = vcvt(v0.sf,v1.sf)","v0.bf = vcvt(v0.sf,v1.sf)","v0.bf = vcvt(v0.sf,v1.sf)","v0.bf = vcvt(v0.sf,v1.sf)"
250,Q6_Q_vcmp_gt_VbfVbf,insn,bf16,Q6_Q_vcmp_gt_VbfVbf,"Qd4=vcmp.gt(Vu32.bf,Vv32.bf)",73,__HVX_ARCH__ >= 73,,Q,bf/bf/,bf_a/bf_b/none,128/128/0,128,4096,"r2 = #-0x1 ; q0 = vcmp.gt(v0.bf,v1.bf) | v0 = vand(q0,r2)","r2 = #-0x1 ; q0 = vcmp.gt(v0.bf,v1.bf) | v0 = vand(q0,r2)","r2 = #-0x1 ; q0 = vcmp.gt(v0.bf,v1.bf) | v0 = vand(q0,r2)","r2 = #-0x1 ; q0 = vcmp.gt(v0.bf,v1.bf) | v0 = vand(q0,r2)"
251,Q6_Q_vcmp_gtand_QVbfVbf,insn,bf16,Q6_Q_vcmp_gtand_QVbfVbf,"Qx4&=vcmp.gt(Vu32.bf,Vv32.bf)",73,__HVX_ARCH__ >= 73,,Q,bf/bf/pred,bf_a/bf_b/int_c,128/128/128,128,4096,"r2 = #-0x1 | q0 = vand(v0,r2) | q0 &= vcmp.gt(v1.bf,v2.bf) | v0 = vand(q0,r2)","r2 = #-0x1 | q0 = vand(v0,r2) | q0 &= vcmp.gt(v1.bf,v2.bf) | v0 = vand(q0,r2)","r2 = #-0x1 | q0 = vand(v0,r2) | q0 &= vcmp.gt(v1.bf,v2.bf) | v0 = vand(q0,r2)","r2 = #-0x1 | q0 = vand(v0,r2) | q0 &= vcmp.gt(v1.bf,v2.bf) | v0 = vand(q0,r2)"
252,Q6_Q_vcmp_gtor_QVbfVbf,insn,bf16,Q6_Q_vcmp_gtor_QVbfVbf,"Qx4|=vcmp.gt(Vu32.bf,Vv32.bf)",73,__HVX_ARCH__ >= 73,,Q,bf/bf/pred,bf_a/bf_b/int_c,128/128/128,128,4096,"r2 = #-0x1 | q0 = vand(v0,r2) | q0 |= vcmp.gt(v1.bf,v2.bf) | v0 = vand(q0,r2)","r2 = #-0x1 | q0 = vand(v0,r2) | q0 |= vcmp.gt(v1.bf,v2.bf) | v0 = vand(q0,r2)","r2 = #-0x1 | q0 = vand(v0,r2) | q0 |= vcmp.gt(v1.bf,v2.bf) | v0 = vand(q0,r2)","r2 = #-0x1 | q0 = vand(v0,r2) | q0 |= vcmp.gt(v1.bf,v2.bf) | v0 = vand(q0,r2)"
253,Q6_Q_vcmp_gtxacc_QVbfVbf,insn,bf16,Q6_Q_vcmp_gtxacc_QVbfVbf,"Qx4^=vcmp.gt(Vu32.bf,Vv32.bf)",73,__HVX_ARCH__ >= 73,,Q,bf/bf/pred,bf_a/bf_b/int_c,128/128/128,128,4096,"r2 = #-0x1 | q0 = vand(v0,r2) | q0 ^= vcmp.gt(v1.bf,v2.bf) | v0 = vand(q0,r2)","r2 = #-0x1 | q0 = vand(v0,r2) | q0 ^= vcmp.gt(v1.bf,v2.bf) | v0 = vand(q0,r2)","r2 = #-0x1 | q0 = vand(v0,r2) | q0 ^= vcmp.gt(v1.bf,v2.bf) | v0 = vand(q0,r2)","r2 = #-0x1 | q0 = vand(v0,r2) | q0 ^= vcmp.gt(v1.bf,v2.bf) | v0 = vand(q0,r2)"
254,ieee.Q6_Vbf_vmax_VbfVbf,ieee,bf16,Q6_Vbf_vmax_VbfVbf,"Vd32.bf=vmax(Vu32.bf,Vv32.bf)",73,__HVX_ARCH__ >= 73,bf,V,bf/bf/,bf_a/bf_b/none,128/128/0,128,4096,"v0.bf = vmax(v0.bf,v1.bf)","v0.bf = vmax(v0.bf,v1.bf)","v0.bf = vmax(v0.bf,v1.bf)","v0.bf = vmax(v0.bf,v1.bf)"
255,ieee.Q6_Vbf_vmin_VbfVbf,ieee,bf16,Q6_Vbf_vmin_VbfVbf,"Vd32.bf=vmin(Vu32.bf,Vv32.bf)",73,__HVX_ARCH__ >= 73,bf,V,bf/bf/,bf_a/bf_b/none,128/128/0,128,4096,"v0.bf = vmin(v0.bf,v1.bf)","v0.bf = vmin(v0.bf,v1.bf)","v0.bf = vmin(v0.bf,v1.bf)","v0.bf = vmin(v0.bf,v1.bf)"
256,ieee.Q6_Wsf_vmpy_VbfVbf,ieee,bf16,Q6_Wsf_vmpy_VbfVbf,"Vdd32.sf=vmpy(Vu32.bf,Vv32.bf)",73,__HVX_ARCH__ >= 73,sf,W,bf/bf/,bf_a/bf_b/none,128/128/0,256,4096,"v1:0.sf = vmpy(v0.bf,v1.bf)","v1:0.sf = vmpy(v0.bf,v1.bf)","v1:0.sf = vmpy(v0.bf,v1.bf)","v1:0.sf = vmpy(v0.bf,v1.bf)"
257,ieee.Q6_Wsf_vmpyacc_WsfVbfVbf,ieee,bf16,Q6_Wsf_vmpyacc_WsfVbfVbf,"Vxx32.sf+=vmpy(Vu32.bf,Vv32.bf)",73,__HVX_ARCH__ >= 73,sf,W,bf/bf/sf,bf_a/bf_b/sf_c,128/128/256,256,2048,"v1:0.sf += vmpy(v2.bf,v3.bf)","v1:0.sf += vmpy(v2.bf,v3.bf)","v1:0.sf += vmpy(v2.bf,v3.bf)","v1:0.sf += vmpy(v2.bf,v3.bf)"
258,ieee.Q6_Wsf_vsub_VbfVbf,ieee,bf16,Q6_Wsf_vsub_VbfVbf,"Vdd32.sf=vsub(Vu32.bf,Vv32.bf)",73,__HVX_ARCH__ >= 73,sf,W,bf/bf/,bf_a/bf_b/none,128/128/0,256,4096,"v1:0.sf = vsub(v0.bf,v1.bf)","v1:0.sf = vsub(v0.bf,v1.bf)","v1:0.sf = vsub(v0.bf,v1.bf)","v1:0.sf = vsub(v0.bf,v1.bf)"
259,Q6_V_vgetqfext_VR,insn,qf_ext,Q6_V_vgetqfext_VR,"Vd32=vgetqfext(Vu32.x,Rt32)",79,__HVX_ARCH__ >= 79,,V,x//,int_a/int_b/none,128/128/0,128,4096,,,"v0 = vgetqfext(v0.x,r0)","v0 = vgetqfext(v0.x,r0)"
260,Q6_V_vgetqfextor_VVR,insn,qf_ext,Q6_V_vgetqfextor_VVR,"Vx32|=vgetqfext(Vu32.x,Rt32)",79,__HVX_ARCH__ >= 79,,V,x//,int_a/int_b/int_c,128/128/128,128,4096,,,"v0 |= vgetqfext(v1.x,r0)","v0 |= vgetqfext(v1.x,r0)"
261,Q6_V_vsetqfext_VR,insn,qf_ext,Q6_V_vsetqfext_VR,"Vd32.x=vsetqfext(Vu32,Rt32)",79,__HVX_ARCH__ >= 79,x,V,//,int_a/int_b/none,128/128/0,128,4096,,,"v0.x = vsetqfext(v0,r0)","v0.x = vsetqfext(v0,r0)"
262,ieee.Q6_V_vabs_V,ieee,f8,Q6_V_vabs_V,Vd32.f8=vabs(Vu32.f8),79,__HVX_ARCH__ >= 79,f8,V,f8//,f8_a/none/none,128/0/0,128,4096,,,v0.f8 = vabs(v0.f8),v0.f8 = vabs(v0.f8)
263,ieee.Q6_Whf_vadd_VV,ieee,f8,Q6_Whf_vadd_VV,"Vdd32.hf=vadd(Vu32.f8,Vv32.f8)",79,__HVX_ARCH__ >= 79,hf,W,f8/f8/,f8_a/f8_b/none,128/128/0,256,4096,,,"v1:0.hf = vadd(v0.f8,v1.f8)","v1:0.hf = vadd(v0.f8,v1.f8)"
264,ieee.Q6_Vb_vcvt2_VhfVhf,ieee,int_float_conv,Q6_Vb_vcvt2_VhfVhf,"Vd32.b=vcvt2(Vu32.hf,Vv32.hf)",79,__HVX_ARCH__ >= 79,b,V,hf/hf/,hf_a/hf_b/none,128/128/0,128,4096,,,"v0.b = vcvt2(v0.hf,v1.hf)","v0.b = vcvt2(v0.hf,v1.hf)"
265,ieee.Q6_Whf_vcvt2_Vb,ieee,int_float_conv,Q6_Whf_vcvt2_Vb,Vdd32.hf=vcvt2(Vu32.b),79,__HVX_ARCH__ >= 79,hf,W,b//,seq16/none/none,128/0/0,256,4096,,,v1:0.hf = vcvt2(v0.b),v1:0.hf = vcvt2(v0.b)
266,ieee.Q6_Whf_vcvt2_Vub,ieee,int_float_conv,Q6_Whf_vcvt2_Vub,Vdd32.hf=vcvt2(Vu32.ub),79,__HVX_ARCH__ >= 79,hf,W,ub//,seq16/none/none,128/0/0,256,4096,,,v1:0.hf = vcvt2(v0.ub),v1:0.hf = vcvt2(v0.ub)
267,ieee.Q6_Vub_vcvt2_VhfVhf,ieee,int_float_conv,Q6_Vub_vcvt2_VhfVhf,"Vd32.ub=vcvt2(Vu32.hf,Vv32.hf)",79,__HVX_ARCH__ >= 79,ub,V,hf/hf/,hf_a/hf_b/none,128/128/0,128,4096,,,"v0.ub = vcvt2(v0.hf,v1.hf)","v0.ub = vcvt2(v0.hf,v1.hf)"
268,ieee.Q6_V_vcvt_VhfVhf,ieee,f8,Q6_V_vcvt_VhfVhf,"Vd32.f8=vcvt(Vu32.hf,Vv32.hf)",79,__HVX_ARCH__ >= 79,f8,V,hf/hf/,hf_a/hf_b/none,128/128/0,128,4096,,,"v0.f8 = vcvt(v0.hf,v1.hf)","v0.f8 = vcvt(v0.hf,v1.hf)"
269,ieee.Q6_Whf_vcvt_V,ieee,f8,Q6_Whf_vcvt_V,Vdd32.hf=vcvt(Vu32.f8),79,__HVX_ARCH__ >= 79,hf,W,f8//,f8_a/none/none,128/0/0,256,4096,,,v1:0.hf = vcvt(v0.f8),v1:0.hf = vcvt(v0.f8)
270,ieee.Q6_V_vfmax_VV,ieee,f8,Q6_V_vfmax_VV,"Vd32.f8=vfmax(Vu32.f8,Vv32.f8)",79,__HVX_ARCH__ >= 79,f8,V,f8/f8/,f8_a/f8_b/none,128/128/0,128,4096,,,"v0.f8 = vfmax(v0.f8,v1.f8)","v0.f8 = vfmax(v0.f8,v1.f8)"
271,ieee.Q6_V_vfmin_VV,ieee,f8,Q6_V_vfmin_VV,"Vd32.f8=vfmin(Vu32.f8,Vv32.f8)",79,__HVX_ARCH__ >= 79,f8,V,f8/f8/,f8_a/f8_b/none,128/128/0,128,4096,,,"v0.f8 = vfmin(v0.f8,v1.f8)","v0.f8 = vfmin(v0.f8,v1.f8)"
272,ieee.Q6_V_vfneg_V,ieee,f8,Q6_V_vfneg_V,Vd32.f8=vfneg(Vu32.f8),79,__HVX_ARCH__ >= 79,f8,V,f8//,f8_a/none/none,128/0/0,128,4096,,,v0.f8 = vfneg(v0.f8),v0.f8 = vfneg(v0.f8)
273,Q6_V_vmerge_VVw,insn,qf_ext,Q6_V_vmerge_VVw,"Vd32=vmerge(Vu32.x,Vv32.w)",79,__HVX_ARCH__ >= 79,,V,x/w/,int_a/int_b/none,128/128/0,128,4096,,,"v0 = vmerge(v0.x,v1.w)","v0 = vmerge(v0.x,v1.w)"
274,ieee.Q6_Whf_vmpy_VV,ieee,f8,Q6_Whf_vmpy_VV,"Vdd32.hf=vmpy(Vu32.f8,Vv32.f8)",79,__HVX_ARCH__ >= 79,hf,W,f8/f8/,f8_a/f8_b/none,128/128/0,256,4096,,,"v1:0.hf = vmpy(v0.f8,v1.f8)","v1:0.hf = vmpy(v0.f8,v1.f8)"
275,ieee.Q6_Whf_vmpyacc_WhfVV,ieee,f8,Q6_Whf_vmpyacc_WhfVV,"Vxx32.hf+=vmpy(Vu32.f8,Vv32.f8)",79,__HVX_ARCH__ >= 79,hf,W,f8/f8/hf,f8_a/f8_b/hf_c,128/128/256,256,2048,,,"v1:0.hf += vmpy(v2.f8,v3.f8)","v1:0.hf += vmpy(v2.f8,v3.f8)"
276,Q6_Vqf16_vmpy_VhfRhf,insn,qf_arith,Q6_Vqf16_vmpy_VhfRhf,"Vd32.qf16=vmpy(Vu32.hf,Rt32.hf)",79,__HVX_ARCH__ >= 79,qf16,V,hf/hf/,hf_a/hf_b/none,128/128/0,128,4096,,,"v0.qf16 = vmpy(v0.hf,r0.hf)","v0.qf16 = vmpy(v0.hf,r0.hf)"
277,Q6_Vqf16_vmpy_Vqf16Rhf,insn,qf_arith,Q6_Vqf16_vmpy_Vqf16Rhf,"Vd32.qf16=vmpy(Vu32.qf16,Rt32.hf)",79,__HVX_ARCH__ >= 79,qf16,V,qf16/hf/,qf16_a/hf_b/none,128/128/0,128,4096,,,"v0.qf16 = vmpy(v0.qf16,r0.hf)","v0.qf16 = vmpy(v0.qf16,r0.hf)"
278,Q6_Vqf32_vmpy_VsfRsf,insn,qf_arith,Q6_Vqf32_vmpy_VsfRsf,"Vd32.qf32=vmpy(Vu32.sf,Rt32.sf)",79,__HVX_ARCH__ >= 79,qf32,V,sf/sf/,sf_a/sf_b/none,128/128/0,128,4096,,,"v0.qf32 = vmpy(v0.sf,r0.sf)","v0.qf32 = vmpy(v0.sf,r0.sf)"
279,ieee.Q6_Whf_vsub_VV,ieee,f8,Q6_Whf_vsub_VV,"Vdd32.hf=vsub(Vu32.f8,Vv32.f8)",79,__HVX_ARCH__ >= 79,hf,W,f8/f8/,f8_a/f8_b/none,128/128/0,256,4096,,,"v1:0.hf = vsub(v0.f8,v1.f8)","v1:0.hf = vsub(v0.f8,v1.f8)"
280,Q6_Vqf16_vabs_Vhf,insn,qf_arith,Q6_Vqf16_vabs_Vhf,Vd32.qf16=vabs(Vu32.hf),81,__HVX_ARCH__ >= 81,qf16,V,hf//,hf_a/none/none,128/0/0,128,4096,,,,v0.qf16 = vabs(v0.hf)
281,Q6_Vqf16_vabs_Vqf16,insn,qf_arith,Q6_Vqf16_vabs_Vqf16,Vd32.qf16=vabs(Vu32.qf16),81,__HVX_ARCH__ >= 81,qf16,V,qf16//,qf16_a/none/none,128/0/0,128,4096,,,,v0.qf16 = vabs(v0.qf16)
282,Q6_Vqf32_vabs_Vqf32,insn,qf_arith,Q6_Vqf32_vabs_Vqf32,Vd32.qf32=vabs(Vu32.qf32),81,__HVX_ARCH__ >= 81,qf32,V,qf32//,qf32_a/none/none,128/0/0,128,4096,,,,v0.qf32 = vabs(v0.qf32)
283,Q6_Vqf32_vabs_Vsf,insn,qf_arith,Q6_Vqf32_vabs_Vsf,Vd32.qf32=vabs(Vu32.sf),81,__HVX_ARCH__ >= 81,qf32,V,sf//,sf_a/none/none,128/0/0,128,4096,,,,v0.qf32 = vabs(v0.sf)
284,Q6_Vbf_equals_Wqf32,insn,bf16,Q6_Vbf_equals_Wqf32,Vd32.bf=Vuu32.qf32,81,__HVX_ARCH__ >= 81,bf,V,qf32//,qf32_a/none/none,256/0/0,128,2048,,,,v0.bf = v1:0.qf32
285,Q6_V_equals_Vqf16,insn,f8,Q6_V_equals_Vqf16,Vd32.f8=Vu32.qf16,81,__HVX_ARCH__ >= 81,f8,V,qf16//,qf16_a/none/none,128/0/0,128,4096,,,,v0.f8 = v0.qf16
286,Q6_Vh_equals_Vhf_rnd,insn,int_float_conv,Q6_Vh_equals_Vhf_rnd,Vd32.h=Vu32.hf:rnd,81,__HVX_ARCH__ >= 81,h,V,hf//,hf_a/none/none,128/0/0,128,4096,,,,v0.h = v0.hf:rnd
287,Q6_Wqf16_equals_V,insn,f8,Q6_Wqf16_equals_V,Vdd32.qf16=Vu32.f8,81,__HVX_ARCH__ >= 81,qf16,W,f8//,f8_a/none/none,128/0/0,256,4096,,,,v1:0.qf16 = v0.f8
288,Q6_Vqf16_equals_Vhf,insn,qf_conv,Q6_Vqf16_equals_Vhf,Vd32.qf16=Vu32.hf,81,__HVX_ARCH__ >= 81,qf16,V,hf//,hf_a/none/none,128/0/0,128,4096,,,,v0.qf16 = v0.hf
289,Q6_Vqf16_equals_Vqf16,insn,qf_arith,Q6_Vqf16_equals_Vqf16,Vd32.qf16=Vu32.qf16,81,__HVX_ARCH__ >= 81,qf16,V,qf16//,qf16_a/none/none,128/0/0,128,4096,,,,v0.qf16 = v0.qf16
290,Q6_Vqf32_equals_Vqf32,insn,qf_arith,Q6_Vqf32_equals_Vqf32,Vd32.qf32=Vu32.qf32,81,__HVX_ARCH__ >= 81,qf32,V,qf32//,qf32_a/none/none,128/0/0,128,4096,,,,v0.qf32 = v0.qf32
291,Q6_Vqf32_equals_Vsf,insn,qf_conv,Q6_Vqf32_equals_Vsf,Vd32.qf32=Vu32.sf,81,__HVX_ARCH__ >= 81,qf32,V,sf//,sf_a/none/none,128/0/0,128,4096,,,,v0.qf32 = v0.sf
292,Q6_Q_vcmp_eq_VhfVhf,insn,fp_cmp,Q6_Q_vcmp_eq_VhfVhf,"Qd4=vcmp.eq(Vu32.hf,Vv32.hf)",81,__HVX_ARCH__ >= 81,,Q,hf/hf/,hf_a/hf_b/none,128/128/0,128,4096,,,,"r2 = #-0x1 ; q0 = vcmp.eq(v0.hf,v1.hf) | v0 = vand(q0,r2)"
293,Q6_Q_vcmp_eqand_QVhfVhf,insn,fp_cmp,Q6_Q_vcmp_eqand_QVhfVhf,"Qx4&=vcmp.eq(Vu32.hf,Vv32.hf)",81,__HVX_ARCH__ >= 81,,Q,hf/hf/pred,hf_a/hf_b/int_c,128/128/128,128,4096,,,,"r2 = #-0x1 | q0 = vand(v0,r2) | q0 &= vcmp.eq(v1.hf,v2.hf) | v0 = vand(q0,r2)"
294,Q6_Q_vcmp_eqor_QVhfVhf,insn,fp_cmp,Q6_Q_vcmp_eqor_QVhfVhf,"Qx4|=vcmp.eq(Vu32.hf,Vv32.hf)",81,__HVX_ARCH__ >= 81,,Q,hf/hf/pred,hf_a/hf_b/int_c,128/128/128,128,4096,,,,"r2 = #-0x1 | q0 = vand(v0,r2) | q0 |= vcmp.eq(v1.hf,v2.hf) | v0 = vand(q0,r2)"
295,Q6_Q_vcmp_eqxacc_QVhfVhf,insn,fp_cmp,Q6_Q_vcmp_eqxacc_QVhfVhf,"Qx4^=vcmp.eq(Vu32.hf,Vv32.hf)",81,__HVX_ARCH__ >= 81,,Q,hf/hf/pred,hf_a/hf_b/int_c,128/128/128,128,4096,,,,"r2 = #-0x1 | q0 = vand(v0,r2) | q0 ^= vcmp.eq(v1.hf,v2.hf) | v0 = vand(q0,r2)"
296,Q6_Q_vcmp_eq_VsfVsf,insn,fp_cmp,Q6_Q_vcmp_eq_VsfVsf,"Qd4=vcmp.eq(Vu32.sf,Vv32.sf)",81,__HVX_ARCH__ >= 81,,Q,sf/sf/,sf_a/sf_b/none,128/128/0,128,4096,,,,"r2 = #-0x1 ; q0 = vcmp.eq(v0.sf,v1.sf) | v0 = vand(q0,r2)"
297,Q6_Q_vcmp_eqand_QVsfVsf,insn,fp_cmp,Q6_Q_vcmp_eqand_QVsfVsf,"Qx4&=vcmp.eq(Vu32.sf,Vv32.sf)",81,__HVX_ARCH__ >= 81,,Q,sf/sf/pred,sf_a/sf_b/int_c,128/128/128,128,4096,,,,"r2 = #-0x1 | q0 = vand(v0,r2) | q0 &= vcmp.eq(v1.sf,v2.sf) | v0 = vand(q0,r2)"
298,Q6_Q_vcmp_eqor_QVsfVsf,insn,fp_cmp,Q6_Q_vcmp_eqor_QVsfVsf,"Qx4|=vcmp.eq(Vu32.sf,Vv32.sf)",81,__HVX_ARCH__ >= 81,,Q,sf/sf/pred,sf_a/sf_b/int_c,128/128/128,128,4096,,,,"r2 = #-0x1 | q0 = vand(v0,r2) | q0 |= vcmp.eq(v1.sf,v2.sf) | v0 = vand(q0,r2)"
299,Q6_Q_vcmp_eqxacc_QVsfVsf,insn,fp_cmp,Q6_Q_vcmp_eqxacc_QVsfVsf,"Qx4^=vcmp.eq(Vu32.sf,Vv32.sf)",81,__HVX_ARCH__ >= 81,,Q,sf/sf/pred,sf_a/sf_b/int_c,128/128/128,128,4096,,,,"r2 = #-0x1 | q0 = vand(v0,r2) | q0 ^= vcmp.eq(v1.sf,v2.sf) | v0 = vand(q0,r2)"
300,Q6_Vw_vilog2_Vhf,insn,int_float_conv,Q6_Vw_vilog2_Vhf,Vd32.w=vilog2(Vu32.hf),81,__HVX_ARCH__ >= 81,w,V,hf//,hf_a/none/none,128/0/0,128,4096,,,,v0.w = vilog2(v0.hf)
301,Q6_Vw_vilog2_Vqf16,insn,int_float_conv,Q6_Vw_vilog2_Vqf16,Vd32.w=vilog2(Vu32.qf16),81,__HVX_ARCH__ >= 81,w,V,qf16//,qf16_a/none/none,128/0/0,128,4096,,,,v0.w = vilog2(v0.qf16)
302,Q6_Vw_vilog2_Vqf32,insn,int_float_conv,Q6_Vw_vilog2_Vqf32,Vd32.w=vilog2(Vu32.qf32),81,__HVX_ARCH__ >= 81,w,V,qf32//,qf32_a/none/none,128/0/0,128,4096,,,,v0.w = vilog2(v0.qf32)
303,Q6_Vw_vilog2_Vsf,insn,int_float_conv,Q6_Vw_vilog2_Vsf,Vd32.w=vilog2(Vu32.sf),81,__HVX_ARCH__ >= 81,w,V,sf//,sf_a/none/none,128/0/0,128,4096,,,,v0.w = vilog2(v0.sf)
304,Q6_Vqf16_vneg_Vhf,insn,qf_arith,Q6_Vqf16_vneg_Vhf,Vd32.qf16=vneg(Vu32.hf),81,__HVX_ARCH__ >= 81,qf16,V,hf//,hf_a/none/none,128/0/0,128,4096,,,,v0.qf16 = vneg(v0.hf)
305,Q6_Vqf16_vneg_Vqf16,insn,qf_arith,Q6_Vqf16_vneg_Vqf16,Vd32.qf16=vneg(Vu32.qf16),81,__HVX_ARCH__ >= 81,qf16,V,qf16//,qf16_a/none/none,128/0/0,128,4096,,,,v0.qf16 = vneg(v0.qf16)
306,Q6_Vqf32_vneg_Vqf32,insn,qf_arith,Q6_Vqf32_vneg_Vqf32,Vd32.qf32=vneg(Vu32.qf32),81,__HVX_ARCH__ >= 81,qf32,V,qf32//,qf32_a/none/none,128/0/0,128,4096,,,,v0.qf32 = vneg(v0.qf32)
307,Q6_Vqf32_vneg_Vsf,insn,qf_arith,Q6_Vqf32_vneg_Vsf,Vd32.qf32=vneg(Vu32.sf),81,__HVX_ARCH__ >= 81,qf32,V,sf//,sf_a/none/none,128/0/0,128,4096,,,,v0.qf32 = vneg(v0.sf)
308,Q6_Vqf16_vsub_VhfVqf16,insn,qf_arith,Q6_Vqf16_vsub_VhfVqf16,"Vd32.qf16=vsub(Vu32.hf,Vv32.qf16)",81,__HVX_ARCH__ >= 81,qf16,V,hf/qf16/,hf_a/qf16_b/none,128/128/0,128,4096,,,,"v0.qf16 = vsub(v0.hf,v1.qf16)"
309,Q6_Vqf32_vsub_VsfVqf32,insn,qf_arith,Q6_Vqf32_vsub_VsfVqf32,"Vd32.qf32=vsub(Vu32.sf,Vv32.qf32)",81,__HVX_ARCH__ >= 81,qf32,V,sf/qf32/,sf_a/qf32_b/none,128/128/0,128,4096,,,,"v0.qf32 = vsub(v0.sf,v1.qf32)"
310,seq.hvx_vec_add_f32_f32,seq,seq,hvx_vec_add_f32_f32,,73,__HVX_ARCH__ >= 73,sf,V,sf/sf/,sf_a/sf_b/none,128/128/0,128,4096,,,,
311,seq.hvx_vec_sub_f32_f32,seq,seq,hvx_vec_sub_f32_f32,,73,__HVX_ARCH__ >= 73,sf,V,sf/sf/,sf_a/sf_b/none,128/128/0,128,4096,,,,
312,seq.hvx_vec_mul_f32_f32,seq,seq,hvx_vec_mul_f32_f32,,73,__HVX_ARCH__ >= 73,sf,V,sf/sf/,sf_a/sf_b/none,128/128/0,128,4096,,,,
313,seq.hvx_vec_add_f16_f16,seq,seq,hvx_vec_add_f16_f16,,73,__HVX_ARCH__ >= 73,hf,V,hf/hf/,hf_a/hf_b/none,128/128/0,128,4096,,,,
314,seq.hvx_vec_sub_f16_f16,seq,seq,hvx_vec_sub_f16_f16,,73,__HVX_ARCH__ >= 73,hf,V,hf/hf/,hf_a/hf_b/none,128/128/0,128,4096,,,,
315,seq.hvx_vec_mul_f16_f16,seq,seq,hvx_vec_mul_f16_f16,,73,__HVX_ARCH__ >= 73,hf,V,hf/hf/,hf_a/hf_b/none,128/128/0,128,4096,,,,
316,seq.hvx_vec_f32_to_f16,seq,seq,hvx_vec_f32_to_f16,,73,__HVX_ARCH__ >= 73,hf,V,sf/sf/,sf_a/sf_b/none,128/128/0,128,4096,,,,
317,seq.hvx_vec_f32_to_f16_shuff,seq,seq,hvx_vec_f32_to_f16_shuff,,73,__HVX_ARCH__ >= 73,hf,V,sf/sf/,sf_a/sf_b/none,128/128/0,128,4096,,,,
318,seq.hvx_vec_f16_to_f32,seq,seq,hvx_vec_f16_to_f32,,73,__HVX_ARCH__ >= 73,sf,W,hf//,hf_a/none/none,128/0/0,256,4096,,,,
319,seq.hvx_vec_f16_to_f32_shuff,seq,seq,hvx_vec_f16_to_f32_shuff,,73,__HVX_ARCH__ >= 73,sf,W,hf//,hf_a/none/none,128/0/0,256,4096,,,,
320,seq.hvx_vec_mpyacc_f32_f16,seq,seq,hvx_vec_mpyacc_f32_f16,,73,__HVX_ARCH__ >= 73,sf,W,hf/hf/sf,hf_a/hf_b/sf_c,128/128/256,256,2048,,,,
321,seq.hvx_vec_i16_from_hf_rnd_sat,seq,seq,hvx_vec_i16_from_hf_rnd_sat,,73,__HVX_ARCH__ >= 73,h,V,hf//,hf_a/none/none,128/0/0,128,4096,,,,
322,seq.hvx_vec_exp2_f16,seq,seq,hvx_vec_exp2_f16,,73,__HVX_ARCH__ >= 73,hf,V,hf//,hf_a/none/none,128/0/0,128,4096,,,,
323,seq.qfpair.mul_f32,seq,seq,Q6_Vsf_equals_Vqf32(Q6_Vqf32_vmpy_VsfVsf),,73,__HVX_ARCH__ >= 73,sf,V,sf/sf/,sf_a/sf_b/none,128/128/0,128,4096,,,,
324,seq.qfpair.add_f32,seq,seq,Q6_Vsf_equals_Vqf32(Q6_Vqf32_vadd_VsfVsf),,73,__HVX_ARCH__ >= 73,sf,V,sf/sf/,sf_a/sf_b/none,128/128/0,128,4096,,,,
325,seq.qfpair.sub_f32,seq,seq,Q6_Vsf_equals_Vqf32(Q6_Vqf32_vsub_VsfVsf),,73,__HVX_ARCH__ >= 73,sf,V,sf/sf/,sf_a/sf_b/none,128/128/0,128,4096,,,,
326,seq.qfpair.sf_roundtrip,seq,seq,"Q6_Vsf_equals_Vqf32(Q6_Vqf32_vadd_VsfVsf(x, 0))",,73,__HVX_ARCH__ >= 73,sf,V,sf//,sf_a/none/none,128/0/0,128,4096,,,,
327,seq.qfpair.mul_f16_wqf32,seq,seq,Q6_Vhf_equals_Wqf32(Q6_Wqf32_vmpy_VhfVhf),,73,__HVX_ARCH__ >= 73,hf,V,hf/hf/,hf_a/hf_b/none,128/128/0,128,4096,,,,
328,seq.qfpair.mul_f16_qf16,seq,seq,Q6_Vhf_equals_Vqf16(Q6_Vqf16_vmpy_VhfVhf),,73,__HVX_ARCH__ >= 73,hf,V,hf/hf/,hf_a/hf_b/none,128/128/0,128,4096,,,,
329,seq.qfpair.add_f16_qf16,seq,seq,Q6_Vhf_equals_Vqf16(Q6_Vqf16_vadd_VhfVhf),,73,__HVX_ARCH__ >= 73,hf,V,hf/hf/,hf_a/hf_b/none,128/128/0,128,4096,,,,
330,seq.qfpair.sub_f16_qf16,seq,seq,Q6_Vhf_equals_Vqf16(Q6_Vqf16_vsub_VhfVhf),,73,__HVX_ARCH__ >= 73,hf,V,hf/hf/,hf_a/hf_b/none,128/128/0,128,4096,,,,
331,seq.qfpair.hf_roundtrip_qf16,seq,seq,"Q6_Vhf_equals_Vqf16(Q6_Vqf16_vadd_VhfVhf(x, 0))",,73,__HVX_ARCH__ >= 73,hf,V,hf//,hf_a/none/none,128/0/0,128,4096,,,,
332,seq.qfpair.f16_to_f32,seq,seq,"Q6_Vsf_equals_Vqf32 of Q6_Wqf32_vmpy_VhfVhf(x, 1.0)",,73,__HVX_ARCH__ >= 73,sf,W,hf//,hf_a/none/none,128/0/0,256,4096,,,,
333,seq.qfpair.f32_to_f16_vadd0,seq,seq,"Q6_Vhf_equals_Wqf32 of Q6_Vqf32_vadd_VsfVsf(x, 0)",,73,__HVX_ARCH__ >= 73,hf,V,sf/sf/,sf_a/sf_b/none,128/128/0,128,4096,,,,
334,seq.qfpair.f32_to_f16_equals,seq,seq,Q6_Vhf_equals_Wqf32 of Q6_Vqf32_equals_Vsf,,81,__HVX_ARCH__ >= 81,hf,V,sf/sf/,sf_a/sf_b/none,128/128/0,128,4096,,,,
335,seq.qfpair.f32_to_f16_mpy1,seq,seq,"Q6_Vhf_equals_Wqf32 of Q6_Vqf32_vmpy_VsfVsf(x, 1.0)",,73,__HVX_ARCH__ >= 73,hf,V,sf/sf/,sf_a/sf_b/none,128/128/0,128,4096,,,,
336,seq.qfext.mul_f32_via_mem,seq,seq,"Q6_Vqf32_vmpy_VsfVsf, store, load, Q6_Vsf_equals_Vqf32",,73,__HVX_ARCH__ >= 73,sf,V,sf/sf/,sf_a/sf_b/none,128/128/0,128,4096,,,,
337,seq.qfext.add_f32_via_mem,seq,seq,"Q6_Vqf32_vadd_VsfVsf, store, load, Q6_Vsf_equals_Vqf32",,73,__HVX_ARCH__ >= 73,sf,V,sf/sf/,sf_a/sf_b/none,128/128/0,128,4096,,,,
338,seq.qfext.mul_f16_via_mem,seq,seq,"Q6_Vqf16_vmpy_VhfVhf, store, load, Q6_Vhf_equals_Vqf16",,73,__HVX_ARCH__ >= 73,hf,V,hf/hf/,hf_a/hf_b/none,128/128/0,128,4096,,,,
339,seq.qfext.sub_f16_via_mem,seq,seq,"Q6_Vqf16_vsub_VhfVhf, store, load, Q6_Vhf_equals_Vqf16",,73,__HVX_ARCH__ >= 73,hf,V,hf/hf/,hf_a/hf_b/none,128/128/0,128,4096,,,,
340,seq.qfext.getext_mul_f32,seq,seq,"Q6_V_vgetqfext_VR(Q6_Vqf32_vmpy_VsfVsf, 0)",,79,__HVX_ARCH__ >= 79,,V,sf/sf/,sf_a/sf_b/none,128/128/0,128,4096,,,,
341,seq.qfext.getext_mul_f16,seq,seq,"Q6_V_vgetqfext_VR(Q6_Vqf16_vmpy_VhfVhf, 0)",,79,__HVX_ARCH__ >= 79,,V,hf/hf/,hf_a/hf_b/none,128/128/0,128,4096,,,,
342,seq.chain.mul_add_f32,seq,seq,"Q6_Vsf_vadd_VsfVsf(Q6_Vsf_vmpy_VsfVsf(a, b), c)",,73,__HVX_ARCH__ >= 73,sf,V,sf/sf/sf,sf_a/sf_b/sf_c,128/128/128,128,4096,,,,
343,seq.chain.add_add_f32,seq,seq,"Q6_Vsf_vadd_VsfVsf(Q6_Vsf_vadd_VsfVsf(a, b), c)",,73,__HVX_ARCH__ >= 73,sf,V,sf/sf/sf,sf_a/sf_b/sf_c,128/128/128,128,4096,,,,
344,seq.chain.mul_mul_f32,seq,seq,"Q6_Vsf_vmpy_VsfVsf(Q6_Vsf_vmpy_VsfVsf(a, b), c)",,73,__HVX_ARCH__ >= 73,sf,V,sf/sf/sf,sf_a/sf_b/sf_c,128/128/128,128,4096,,,,
345,seq.chain.mul_add_f16,seq,seq,"Q6_Vhf_vadd_VhfVhf(Q6_Vhf_vmpy_VhfVhf(a, b), c)",,73,__HVX_ARCH__ >= 73,hf,V,hf/hf/hf,hf_a/hf_b/hf_c,128/128/128,128,4096,,,,
346,seq.chain.qf_mul_cvt_add_f32,seq,seq,"Q6_Vqf32_vadd_VsfVsf(Q6_Vsf_equals_Vqf32(Q6_Vqf32_vmpy_VsfVsf(a, b)), c)",,73,__HVX_ARCH__ >= 73,sf,V,sf/sf/sf,sf_a/sf_b/sf_c,128/128/128,128,4096,,,,
347,seq.chain.qf_mul_cvt_add_f32_barrier,seq,seq,the same with an asm barrier after the first conversion,,73,__HVX_ARCH__ >= 73,sf,V,sf/sf/sf,sf_a/sf_b/sf_c,128/128/128,128,4096,,,,
348,seq.chain.dot4_f32,seq,seq,"s = c; 4 x s = Q6_Vsf_vadd_VsfVsf(s, Q6_Vsf_vmpy_VsfVsf(vror(a, k), vror(b, k)))",,73,__HVX_ARCH__ >= 73,sf,V,sf/sf/sf,sf_a/sf_b/sf_c,128/128/128,128,4096,,,,
349,seq.chain.dot4_qf_acc,seq,seq,"the same sum in qf32 (vmpy qf32, vadd qf32), one conversion at the end",,73,__HVX_ARCH__ >= 73,sf,V,sf/sf/sf,sf_a/sf_b/sf_c,128/128/128,128,4096,,,,
350,seq.chain.mul_add_mul_f32,seq,seq,"Q6_Vsf_vadd_VsfVsf(Q6_Vsf_vmpy_VsfVsf(x, y), Q6_Vsf_vmpy_VsfVsf(z, vror(y, 1 lane)))",,73,__HVX_ARCH__ >= 73,sf,V,sf/sf/sf,sf_a/sf_b/sf_c,128/128/128,128,4096,,,,
351,seq.chain.dot4_hf_sf,seq,seq,"s = c (sf pair); 4 x s = Q6_Wsf_vmpyacc_WsfVhfVhf(s, vror(a, k), vror(b, k))",,73,__HVX_ARCH__ >= 73,sf,W,hf/hf/sf,hf_a/hf_b/sf_c,128/128/256,256,2048,,,,
352,seq.cvt.sf_to_w_rne_int,seq,seq,isa_sf_to_w_rne (integer only),,73,__HVX_ARCH__ >= 73,w,V,sf//,sf_a/none/none,128/0/0,128,4096,,,,
353,seq.cvt.sf_to_w_magic_qf,seq,seq,"Q6_Vsf_equals_Vqf32(Q6_Vqf32_vadd_VsfVsf(x, 1.5 * 2^23)) - bits",,73,__HVX_ARCH__ >= 73,w,V,sf//,sf_a/none/none,128/0/0,128,4096,,,,
354,seq.cvt.sf_to_w_magic_ieee,seq,seq,"Q6_Vsf_vadd_VsfVsf(x, 1.5 * 2^23) - bits",,73,__HVX_ARCH__ >= 73,w,V,sf//,sf_a/none/none,128/0/0,128,4096,,,,
355,seq.q8.mul_rne_int,seq,seq,"isa_sf_to_w_rne(Q6_Vsf_vmpy_VsfVsf(x, id))",,73,__HVX_ARCH__ >= 73,w,V,sf/sf/,sf_a/sf_b/none,128/128/0,128,4096,,,,
356,seq.q8.mul_magic_ieee,seq,seq,"Q6_Vsf_vadd_VsfVsf(Q6_Vsf_vmpy_VsfVsf(x, id), 1.5 * 2^23) - bits",,73,__HVX_ARCH__ >= 73,w,V,sf/sf/,sf_a/sf_b/none,128/128/0,128,4096,,,,
357,seq.q8.qf_mul_magic,seq,seq,"Q6_Vsf_equals_Vqf32(Q6_Vqf32_vadd_Vqf32Vsf(Q6_Vqf32_vmpy_VsfVsf(x, id), 1.5 * 2^23)) - bits",,73,__HVX_ARCH__ >= 73,w,V,sf/sf/,sf_a/sf_b/none,128/128/0,128,4096,,,,
358,seq.q8.exact_mul_rne_int,seq,seq,"isa_sf_to_w_rne(isa_hvx_exact_sf_mul(x, id))",,73,__HVX_ARCH__ >= 73,w,V,sf/sf/,sf_a/sf_b/none,128/128/0,128,4096,,,,
359,seq.exact.sf_mul,seq,seq,hvx_exact_sf_mul,,73,__HVX_ARCH__ >= 73,sf,V,sf/sf/,sf_a/sf_b/none,128/128/0,128,4096,,,,
360,seq.exact.sf_add,seq,seq,hvx_exact_sf_add,,73,__HVX_ARCH__ >= 73,sf,V,sf/sf/,sf_a/sf_b/none,128/128/0,128,4096,,,,
361,seq.exact.hf_to_sf,seq,seq,hvx_exact_hf_to_sf of the even and odd halfwords (vzxt),,73,__HVX_ARCH__ >= 73,sf,W,hf//,hf_a/none/none,128/0/0,256,4096,,,,
362,seq.exact.sf_to_hf,seq,seq,"hvx_exact_sf_to_hf of two vectors, packed with vpacke",,73,__HVX_ARCH__ >= 73,hf,V,sf/sf/,sf_a/sf_b/none,128/128/0,128,4096,,,,
363,seq.bench.copy,seq,seq,a0 (the load and store floor of the bench),,73,__HVX_ARCH__ >= 73,sf,V,sf//,sf_a/none/none,128/0/0,128,4096,,,,
364,seq.exp2_f16.s01_x_clamp,seq,seq,hvx_vec_exp2_f16 stage 1,,73,__HVX_ARCH__ >= 73,hf,V,hf//,hf_a/none/none,128/0/0,128,4096,,,,
365,seq.exp2_f16.s02_x_minus_half,seq,seq,hvx_vec_exp2_f16 stage 2,,73,__HVX_ARCH__ >= 73,hf,V,hf//,hf_a/none/none,128/0/0,128,4096,,,,
366,seq.exp2_f16.s03_k,seq,seq,hvx_vec_exp2_f16 stage 3,,73,__HVX_ARCH__ >= 73,h,V,hf//,hf_a/none/none,128/0/0,128,4096,,,,
367,seq.exp2_f16.s04_f,seq,seq,hvx_vec_exp2_f16 stage 4,,73,__HVX_ARCH__ >= 73,hf,V,hf//,hf_a/none/none,128/0/0,128,4096,,,,
368,seq.exp2_f16.s05_x_qf16,seq,seq,hvx_vec_exp2_f16 stage 5,,73,__HVX_ARCH__ >= 73,qf16,V,hf//,hf_a/none/none,128/0/0,128,4096,,,,
369,seq.exp2_f16.s06_e5x,seq,seq,hvx_vec_exp2_f16 stage 6,,73,__HVX_ARCH__ >= 73,qf16,V,hf//,hf_a/none/none,128/0/0,128,4096,,,,
370,seq.exp2_f16.s07_add_e4,seq,seq,hvx_vec_exp2_f16 stage 7,,73,__HVX_ARCH__ >= 73,qf16,V,hf//,hf_a/none/none,128/0/0,128,4096,,,,
371,seq.exp2_f16.s08_mul1,seq,seq,hvx_vec_exp2_f16 stage 8,,73,__HVX_ARCH__ >= 73,qf16,V,hf//,hf_a/none/none,128/0/0,128,4096,,,,
372,seq.exp2_f16.s09_add_e3,seq,seq,hvx_vec_exp2_f16 stage 9,,73,__HVX_ARCH__ >= 73,qf16,V,hf//,hf_a/none/none,128/0/0,128,4096,,,,
373,seq.exp2_f16.s10_mul2,seq,seq,hvx_vec_exp2_f16 stage 10,,73,__HVX_ARCH__ >= 73,qf16,V,hf//,hf_a/none/none,128/0/0,128,4096,,,,
374,seq.exp2_f16.s11_add_e2,seq,seq,hvx_vec_exp2_f16 stage 11,,73,__HVX_ARCH__ >= 73,qf16,V,hf//,hf_a/none/none,128/0/0,128,4096,,,,
375,seq.exp2_f16.s12_mul3,seq,seq,hvx_vec_exp2_f16 stage 12,,73,__HVX_ARCH__ >= 73,qf16,V,hf//,hf_a/none/none,128/0/0,128,4096,,,,
376,seq.exp2_f16.s13_add_e1,seq,seq,hvx_vec_exp2_f16 stage 13,,73,__HVX_ARCH__ >= 73,qf16,V,hf//,hf_a/none/none,128/0/0,128,4096,,,,
377,seq.exp2_f16.s14_mul4,seq,seq,hvx_vec_exp2_f16 stage 14,,73,__HVX_ARCH__ >= 73,qf16,V,hf//,hf_a/none/none,128/0/0,128,4096,,,,
378,seq.exp2_f16.s15_add_e0,seq,seq,hvx_vec_exp2_f16 stage 15,,73,__HVX_ARCH__ >= 73,qf16,V,hf//,hf_a/none/none,128/0/0,128,4096,,,,
379,seq.exp2_f16.s16_mul5,seq,seq,hvx_vec_exp2_f16 stage 16,,73,__HVX_ARCH__ >= 73,qf16,V,hf//,hf_a/none/none,128/0/0,128,4096,,,,
380,seq.exp2_f16.s17_add_one,seq,seq,hvx_vec_exp2_f16 stage 17,,73,__HVX_ARCH__ >= 73,qf16,V,hf//,hf_a/none/none,128/0/0,128,4096,,,,
381,seq.exp2_f16.s18_y_hf,seq,seq,hvx_vec_exp2_f16 stage 18,,73,__HVX_ARCH__ >= 73,hf,V,hf//,hf_a/none/none,128/0/0,128,4096,,,,
382,seq.exp2_f16.s19_result,seq,seq,hvx_vec_exp2_f16 stage 19,,73,__HVX_ARCH__ >= 73,hf,V,hf//,hf_a/none/none,128/0/0,128,4096,,,,
